Freq.,Vvin/IC1,    Degree
1.00000000000000e+000,8.89711359456433e+001,-3.45276204853877e+001
1.02329299228075e+000,8.89079308273134e+001,-3.39146268379349e+001
1.04712854805090e+000,8.88466993994414e+001,-3.33069545001122e+001
1.07151930523761e+000,8.87874067442861e+001,-3.27048291030083e+001
1.09647819614318e+000,8.87300168625747e+001,-3.21084643895837e+001
1.12201845430196e+000,8.86744927879115e+001,-3.15180620429214e+001
1.14815362149688e+000,8.86207967008814e+001,-3.09338115668981e+001
1.17489755493953e+000,8.85688900416848e+001,-3.03558902197899e+001
1.20226443461741e+000,8.85187336211654e+001,-2.97844629969084e+001
1.23026877081238e+000,8.84702877291988e+001,-2.92196826618747e+001
1.25892541179417e+000,8.84235122401388e+001,-2.86616898231058e+001
1.28824955169313e+000,8.83783667154373e+001,-2.81106130507491e+001
1.31825673855641e+000,8.83348105019334e+001,-2.75665690352333e+001
1.34896288259165e+000,8.82928028266031e+001,-2.70296627802654e+001
1.38038426460288e+000,8.82523028868347e+001,-2.64999878295515e+001
1.41253754462275e+000,8.82132699359066e+001,-2.59776265242992e+001
1.44543977074593e+000,8.81756633643330e+001,-2.54626502855430e+001
1.47910838816821e+000,8.81394427760051e+001,-2.49551199213459e+001
1.51356124843621e+000,8.81045680592135e+001,-2.44550859550783e+001
1.54881661891248e+000,8.80709994533639e+001,-2.39625889691889e+001
1.58489319246111e+000,8.80386976100708e+001,-2.34776599656248e+001
1.62181009735893e+000,8.80076236496474e+001,-2.30003207370581e+001
1.65958690743756e+000,8.79777392127830e+001,-2.25305842471691e+001
1.69824365246174e+000,8.79490065070556e+001,-2.20684550187103e+001
1.73780082874937e+000,8.79213883493735e+001,-2.16139295242941e+001
1.77827941003892e+000,8.78948482033171e+001,-2.11669965809602e+001
1.81970085860998e+000,8.78693502124384e+001,-2.07276377440326e+001
1.86208713666287e+000,8.78448592293361e+001,-2.02958276994271e+001
1.90546071796325e+000,8.78213408404803e+001,-1.98715346532259e+001
1.94984459975804e+000,8.77987613875005e+001,-1.94547207157166e+001
1.99526231496888e+000,8.77770879848065e+001,-1.90453422794155e+001
2.04173794466953e+000,8.77562885334270e+001,-1.86433503905800e+001
2.08929613085404e+000,8.77363317321372e+001,-1.82486911111708e+001
2.13796208950223e+000,8.77171870852773e+001,-1.78613058722606e+001
2.18776162394955e+000,8.76988249076865e+001,-1.74811318175711e+001
2.23872113856834e+000,8.76812163275096e+001,-1.71081021353677e+001
2.29086765276777e+000,8.76643332858392e+001,-1.67421463807947e+001
2.34422881531992e+000,8.76481485348789e+001,-1.63831907851310e+001
2.39883291901949e+000,8.76326356336709e+001,-1.60311585540544e+001
2.45470891568503e+000,8.76177689421238e+001,-1.56859701535609e+001
2.51188643150958e+000,8.76035236132421e+001,-1.53475435839477e+001
2.57039578276886e+000,8.75898755841460e+001,-1.50157946410361e+001
2.63026799189538e+000,8.75768015654702e+001,-1.46906371657180e+001
2.69153480392691e+000,8.75642790296285e+001,-1.43719832812638e+001
2.75422870333816e+000,8.75522861983104e+001,-1.40597436181778e+001
2.81838293126445e+000,8.75408020283970e+001,-1.37538275283770e+001
2.88403150312660e+000,8.75298061981686e+001,-1.34541432860022e+001
2.95120922666638e+000,8.75192790915407e+001,-1.31605982790483e+001
3.01995172040201e+000,8.75092017829134e+001,-1.28730991880606e+001
3.09029543251359e+000,8.74995560209158e+001,-1.25915521551690e+001
3.16227766016837e+000,8.74903242117259e+001,-1.23158629427905e+001
3.23593656929628e+000,8.74814894027820e+001,-1.20459370813162e+001
3.31131121482591e+000,8.74730352652585e+001,-1.17816800086274e+001
3.38844156139202e+000,8.74649460774368e+001,-1.15229971988242e+001
3.46736850452531e+000,8.74572067074197e+001,-1.12697942828802e+001
3.54813389233575e+000,8.74498025959716e+001,-1.10219771605401e+001
3.63078054770101e+000,8.74427197392978e+001,-1.07794521041707e+001
3.71535229097172e+000,8.74359446724854e+001,-1.05421258540904e+001
3.80189396320560e+000,8.74294644520939e+001,-1.03099057077077e+001
3.89045144994280e+000,8.74232666399055e+001,-1.00826996003494e+001
3.98107170553496e+000,8.74173392862010e+001,-9.86041618021589e+000
4.07380277804112e+000,8.74116709138318e+001,-9.64296487630713e+000
4.16869383470335e+000,8.74062505019973e+001,-9.43025596096943e+000
4.26579518801592e+000,8.74010674706376e+001,-9.22220060635392e+000
4.36515832240165e+000,8.73961116653800e+001,-9.01871093524798e+000
4.46683592150962e+000,8.73913733420643e+001,-8.81970006762862e+000
4.57088189614874e+000,8.73868431525274e+001,-8.62508216146869e+000
4.67735141287197e+000,8.73825121298450e+001,-8.43477244997852e+000
4.78630092322637e+000,8.73783716747704e+001,-8.24868727378801e+000
4.89778819368445e+000,8.73744135418183e+001,-8.06674410989471e+000
5.01187233627271e+000,8.73706298261149e+001,-7.88886159651930e+000
5.12861383991364e+000,8.73670129505319e+001,-7.71495955459383e+000
5.24807460249771e+000,8.73635556532524e+001,-7.54495900597555e+000
5.37031796370252e+000,8.73602509756296e+001,-7.37878218872822e+000
5.49540873857623e+000,8.73570922504097e+001,-7.21635256960905e+000
5.62341325190348e+000,8.73540730900940e+001,-7.05759485413511e+000
5.75439937337156e+000,8.73511873764726e+001,-6.90243499358131e+000
5.88843655355588e+000,8.73484292493345e+001,-6.75080019070427e+000
6.02559586074356e+000,8.73457930965220e+001,-6.60261890259744e+000
6.16595001861481e+000,8.73432735440320e+001,-6.45782084189491e+000
6.30957344480192e+000,8.73408654460487e+001,-6.31633697651451e+000
6.45654229034654e+000,8.73385638757687e+001,-6.17809952743129e+000
6.60693448007594e+000,8.73363641167880e+001,-6.04304196482113e+000
6.76082975391980e+000,8.73342616538187e+001,-5.91109900353040e+000
6.91830970918935e+000,8.73322521649017e+001,-5.78220659648144e+000
7.07945784384136e+000,8.73303315130606e+001,-5.65630192753864e+000
7.24435960074988e+000,8.73284957387099e+001,-5.53332340303579e+000
7.41310241300916e+000,8.73267410522083e+001,-5.41321064247005e+000
7.58577575029182e+000,8.73250638264889e+001,-5.29590446847334e+000
7.76247116628690e+000,8.73234605904295e+001,-5.18134689574310e+000
7.94328234724279e+000,8.73219280220809e+001,-5.06948111954275e+000
8.12830516164097e+000,8.73204629422423e+001,-4.96025150353949e+000
8.31763771102669e+000,8.73190623083950e+001,-4.85360356704469e+000
8.51138038202374e+000,8.73177232087532e+001,-4.74948397185347e+000
8.70963589956078e+000,8.73164428567267e+001,-4.64784050857837e+000
8.91250938133743e+000,8.73152185851112e+001,-4.54862208288361e+000
9.12010839355907e+000,8.73140478414268e+001,-4.45177870094282e+000
9.33254300796988e+000,8.73129281823579e+001,-4.35726145520067e+000
9.54992586021433e+000,8.73118572691939e+001,-4.26502250952417e+000
9.77237220955808e+000,8.73108328630987e+001,-4.17501508436299e+000
9.99999999999997e+000,8.73098528207224e+001,-4.08719344170974e+000
1.02329299228075e+001,8.73089150898937e+001,-4.00151287000981e+000
1.04712854805090e+001,8.73080177054472e+001,-3.91792966902198e+000
1.07151930523760e+001,8.73071587855270e+001,-3.83640113452040e+000
1.09647819614318e+001,8.73063365272844e+001,-3.75688554330720e+000
1.12201845430196e+001,8.73055492039797e+001,-3.67934213773477e+000
1.14815362149688e+001,8.73047951608020e+001,-3.60373111085401e+000
1.17489755493953e+001,8.73040728119682e+001,-3.53001359117131e+000
1.20226443461741e+001,8.73033806372492e+001,-3.45815162777023e+000
1.23026877081238e+001,8.73027171790187e+001,-3.38810817538927e+000
1.25892541179416e+001,8.73020810393566e+001,-3.31984707964488e+000
1.28824955169313e+001,8.73014708769868e+001,-3.25333306249554e+000
1.31825673855640e+001,8.73008854046064e+001,-3.18853170774893e+000
1.34896288259165e+001,8.73003233864303e+001,-3.12540944670108e+000
1.38038426460288e+001,8.72997836354442e+001,-3.06393354408012e+000
1.41253754462275e+001,8.72992650110781e+001,-3.00407208406021e+000
1.44543977074592e+001,8.72987664167814e+001,-2.94579395653150e+000
1.47910838816820e+001,8.72982867979219e+001,-2.88906884349398e+000
1.51356124843620e+001,8.72978251394262e+001,-2.83386720576058e+000
1.54881661891248e+001,8.72973804638765e+001,-2.78016026975844e+000
1.58489319246111e+001,8.72969518294737e+001,-2.72792001461005e+000
1.62181009735892e+001,8.72965383278241e+001,-2.67711915949320e+000
1.65958690743755e+001,8.72961390824403e+001,-2.62773115105685e+000
1.69824365246174e+001,8.72957532467675e+001,-2.57973015119872e+000
1.73780082874937e+001,8.72953800022026e+001,-2.53309102508934e+000
1.77827941003892e+001,8.72950185570124e+001,-2.48778932921575e+000
1.81970085860998e+001,8.72946681439732e+001,-2.44380129997170e+000
1.86208713666286e+001,8.72943280193726e+001,-2.40110384217430e+000
1.90546071796324e+001,8.72939974609751e+001,-2.35967451804664e+000
1.94984459975804e+001,8.72936757669337e+001,-2.31949153623611e+000
1.99526231496887e+001,8.72933622541279e+001,-2.28053374118758e+000
2.04173794466952e+001,8.72930562568023e+001,-2.24278060268619e+000
2.08929613085403e+001,8.72927571252002e+001,-2.20621220562716e+000
2.13796208950222e+001,8.72924642240689e+001,-2.17080924003914e+000
2.18776162394954e+001,8.72921769315646e+001,-2.13655299124678e+000
2.23872113856833e+001,8.72918946377925e+001,-2.10342533032494e+000
2.29086765276776e+001,8.72916167437013e+001,-2.07140870469594e+000
2.34422881531991e+001,8.72913426595934e+001,-2.04048612900549e+000
2.39883291901948e+001,8.72910718041285e+001,-2.01064117611050e+000
2.45470891568502e+001,8.72908036030547e+001,-1.98185796831986e+000
2.51188643150957e+001,8.72905374880139e+001,-1.95412116880369e+000
2.57039578276885e+001,8.72902728953415e+001,-1.92741597319529e+000
2.63026799189537e+001,8.72900092648341e+001,-1.90172810137241e+000
2.69153480392690e+001,8.72897460387537e+001,-1.87704378937974e+000
2.75422870333815e+001,8.72894826605999e+001,-1.85334978154745e+000
2.81838293126444e+001,8.72892185739454e+001,-1.83063332275862e+000
2.88403150312659e+001,8.72889532212336e+001,-1.80888215087232e+000
2.95120922666637e+001,8.72886860428382e+001,-1.78808448925536e+000
3.01995172040200e+001,8.72884164756431e+001,-1.76822903950358e+000
3.09029543251358e+001,8.72881439520980e+001,-1.74930497423588e+000
3.16227766016837e+001,8.72878678990615e+001,-1.73130193002333e+000
3.23593656929627e+001,8.72875877365165e+001,-1.71421000044431e+000
3.31131121482590e+001,8.72873028763719e+001,-1.69801972920832e+000
3.38844156139201e+001,8.72870127215657e+001,-1.68272210336139e+000
3.46736850452530e+001,8.72867166645290e+001,-1.66830854659927e+000
3.54813389233574e+001,8.72864140860090e+001,-1.65477091261624e+000
3.63078054770100e+001,8.72861043541887e+001,-1.64210147848876e+000
3.71535229097171e+001,8.72857868229285e+001,-1.63029293814916e+000
3.80189396320559e+001,8.72854608309855e+001,-1.61933839580985e+000
3.89045144994279e+001,8.72851257002574e+001,-1.60923135946601e+000
3.98107170553495e+001,8.72847807347288e+001,-1.59996573434173e+000
4.07380277804111e+001,8.72844252192329e+001,-1.59153581631382e+000
4.16869383470333e+001,8.72840584177670e+001,-1.58393628532954e+000
4.26579518801591e+001,8.72836795722159e+001,-1.57716219872924e+000
4.36515832240164e+001,8.72832879010623e+001,-1.57120898449309e+000
4.46683592150961e+001,8.72828825976902e+001,-1.56607243440950e+000
4.57088189614873e+001,8.72824628289983e+001,-1.56174869709422e+000
4.67735141287196e+001,8.72820277337704e+001,-1.55823427088339e+000
4.78630092322636e+001,8.72815764212526e+001,-1.55552599654590e+000
4.89778819368444e+001,8.72811079693433e+001,-1.55362104981296e+000
5.01187233627270e+001,8.72806214230170e+001,-1.55251693366491e+000
5.12861383991362e+001,8.72801157926599e+001,-1.55221147040097e+000
5.24807460249770e+001,8.72795900521585e+001,-1.55270279339386e+000
5.37031796370250e+001,8.72790431373064e+001,-1.55398933855760e+000
5.49540873857622e+001,8.72784739438393e+001,-1.55606983545727e+000
5.62341325190346e+001,8.72778813255942e+001,-1.55894329804535e+000
5.75439937337154e+001,8.72772640923942e+001,-1.56260901497700e+000
5.88843655355586e+001,8.72766210085092e+001,-1.56706653947333e+000
6.02559586074355e+001,8.72759507901624e+001,-1.57231567868875e+000
6.16595001861479e+001,8.72752521035941e+001,-1.57835648252737e+000
6.30957344480190e+001,8.72745235631370e+001,-1.58518923189712e+000
6.45654229034652e+001,8.72737637287270e+001,-1.59281442631012e+000
6.60693448007593e+001,8.72729711039841e+001,-1.60123277081970e+000
6.76082975391978e+001,8.72721441337177e+001,-1.61044516221314e+000
6.91830970918933e+001,8.72712812018999e+001,-1.62045267444023e+000
7.07945784384134e+001,8.72703806289434e+001,-1.63125654315723e+000
7.24435960074986e+001,8.72694406698331e+001,-1.64285814943761e+000
7.41310241300914e+001,8.72684595111036e+001,-1.65525900244364e+000
7.58577575029180e+001,8.72674352690915e+001,-1.66846072115892e+000
7.76247116628688e+001,8.72663659868194e+001,-1.68246501495857e+000
7.94328234724277e+001,8.72652496321248e+001,-1.69727366309328e+000
8.12830516164095e+001,8.72640840946859e+001,-1.71288849288569e+000
8.31763771102667e+001,8.72628671837496e+001,-1.72931135668124e+000
8.51138038202372e+001,8.72615966257325e+001,-1.74654410743257e+000
8.70963589956076e+001,8.72602700615246e+001,-1.76458857281008e+000
8.91250938133741e+001,8.72588850441767e+001,-1.78344652782967e+000
9.12010839355905e+001,8.72574390365156e+001,-1.80311966590099e+000
9.33254300796986e+001,8.72559294085016e+001,-1.82360956814647e+000
9.54992586021431e+001,8.72543534353905e+001,-1.84491767110355e+000
9.77237220955805e+001,8.72527082950030e+001,-1.86704523245991e+000
9.99999999999995e+001,8.72509910658768e+001,-1.88999329502488e+000
1.02329299228075e+002,8.72491987251857e+001,-1.91376264867185e+000
1.04712854805089e+002,8.72473281466072e+001,-1.93835379025042e+000
1.07151930523760e+002,8.72453760989543e+001,-1.96376688144630e+000
1.09647819614318e+002,8.72433392443165e+001,-1.99000170443031e+000
1.12201845430196e+002,8.72412141367026e+001,-2.01705761528680e+000
1.14815362149688e+002,8.72389972209608e+001,-2.04493349521681e+000
1.17489755493952e+002,8.72366848318194e+001,-2.07362769939494e+000
1.20226443461741e+002,8.72342731934815e+001,-2.10313800349646e+000
1.23026877081237e+002,8.72317584189677e+001,-2.13346154781837e+000
1.25892541179416e+002,8.72291365104201e+001,-2.16459477905966e+000
1.28824955169313e+002,8.72264033597389e+001,-2.19653338976682e+000
1.31825673855640e+002,8.72235547491045e+001,-2.22927225526327e+000
1.34896288259165e+002,8.72205863527147e+001,-2.26280536848430e+000
1.38038426460288e+002,8.72174937383681e+001,-2.29712577232223e+000
1.41253754462275e+002,8.72142723702878e+001,-2.33222548998803e+000
1.44543977074592e+002,8.72109176120129e+001,-2.36809545318680e+000
1.47910838816820e+002,8.72074247301540e+001,-2.40472542835463e+000
1.51356124843620e+002,8.72037888991312e+001,-2.44210394123068e+000
1.54881661891247e+002,8.72000052060879e+001,-2.48021819966979e+000
1.58489319246110e+002,8.71960686572739e+001,-2.51905401531497e+000
1.62181009735892e+002,8.71919741847950e+001,-2.55859572401874e+000
1.65958690743755e+002,8.71877166547715e+001,-2.59882610568506e+000
1.69824365246173e+002,8.71832908760130e+001,-2.63972630354970e+000
1.73780082874936e+002,8.71786916101471e+001,-2.68127574360925e+000
1.77827941003891e+002,8.71739135824998e+001,-2.72345205442461e+000
1.81970085860997e+002,8.71689514944393e+001,-2.76623098794388e+000
1.86208713666286e+002,8.71638000366620e+001,-2.80958634184186e+000
1.90546071796323e+002,8.71584539036938e+001,-2.85348988397079e+000
1.94984459975803e+002,8.71529078100526e+001,-2.89791127971342e+000
1.99526231496887e+002,8.71471565071847e+001,-2.94281802278720e+000
2.04173794466952e+002,8.71411948018757e+001,-2.98817537032800e+000
2.08929613085403e+002,8.71350175763738e+001,-3.03394628330341e+000
2.13796208950222e+002,8.71286198093441e+001,-3.08009137275753e+000
2.18776162394954e+002,8.71219965982276e+001,-3.12656885306014e+000
2.23872113856832e+002,8.71151431834330e+001,-3.17333450324230e+000
2.29086765276776e+002,8.71080549729427e+001,-3.22034163703971e+000
2.34422881531991e+002,8.71007275689273e+001,-3.26754108311921e+000
2.39883291901947e+002,8.70931567951621e+001,-3.31488117630540e+000
2.45470891568501e+002,8.70853387253684e+001,-3.36230776086582e+000
2.51188643150956e+002,8.70772697128879e+001,-3.40976420710625e+000
2.57039578276885e+002,8.70689464210803e+001,-3.45719144223963e+000
2.63026799189536e+002,8.70603658541339e+001,-3.50452799643122e+000
2.69153480392690e+002,8.70515253891176e+001,-3.55171006543922e+000
2.75422870333815e+002,8.70424228074022e+001,-3.59867159007892e+000
2.81838293126443e+002,8.70330563272925e+001,-3.64534435428152e+000
2.88403150312659e+002,8.70234246356393e+001,-3.69165810151348e+000
2.95120922666637e+002,8.70135269198296e+001,-3.73754067108529e+000
3.01995172040200e+002,8.70033628986899e+001,-3.78291815422742e+000
3.09029543251357e+002,8.69929328527603e+001,-3.82771507046883e+000
3.16227766016836e+002,8.69822376533756e+001,-3.87185456469568e+000
3.23593656929626e+002,8.69712787900432e+001,-3.91525862437941e+000
3.31131121482589e+002,8.69600583959447e+001,-3.95784831696167e+000
3.38844156139200e+002,8.69485792718492e+001,-3.99954404720318e+000
3.46736850452529e+002,8.69368449064566e+001,-4.04026583288386e+000
3.54813389233573e+002,8.69248594947946e+001,-4.07993359870238e+000
3.63078054770099e+002,8.69126279532483e+001,-4.11846748673004e+000
3.71535229097170e+002,8.69001559304805e+001,-4.15578818147181e+000
3.80189396320558e+002,8.68874498153422e+001,-4.19181724846138e+000
3.89045144994278e+002,8.68745167400930e+001,-4.22647748351563e+000
3.98107170553494e+002,8.68613645797394e+001,-4.25969327087481e+000
4.07380277804110e+002,8.68480019464264e+001,-4.29139094711810e+000
4.16869383470332e+002,8.68344381791508e+001,-4.32149916824416e+000
4.26579518801589e+002,8.68206833289634e+001,-4.34994927709400e+000
4.36515832240163e+002,8.68067481386593e+001,-4.37667566747505e+000
4.46683592150960e+002,8.67926440180365e+001,-4.40161614206777e+000
4.57088189614872e+002,8.67783830137270e+001,-4.42471226050263e+000
4.67735141287195e+002,8.67639777743507e+001,-4.44590967428615e+000
4.78630092322635e+002,8.67494415111054e+001,-4.46515844538224e+000
4.89778819368443e+002,8.67347879537218e+001,-4.48241334479790e+000
5.01187233627268e+002,8.67200313018045e+001,-4.49763412796591e+000
5.12861383991361e+002,8.67051861730304e+001,-4.51078578461087e+000
5.24807460249769e+002,8.66902675469878e+001,-4.52183875929365e+000
5.37031796370249e+002,8.66752907066098e+001,-4.53076914102820e+000
5.49540873857620e+002,8.66602711762947e+001,-4.53755881918683e+000
5.62341325190345e+002,8.66452246584378e+001,-4.54219560435653e+000
5.75439937337152e+002,8.66301669684193e+001,-4.54467331249385e+000
5.88843655355584e+002,8.66151139678624e+001,-4.54499181119712e+000
6.02559586074353e+002,8.66000814986132e+001,-4.54315702819564e+000
6.16595001861477e+002,8.65850853157010e+001,-4.53918092113265e+000
6.30957344480188e+002,8.65701410220721e+001,-4.53308140971836e+000
6.45654229034650e+002,8.65552640040109e+001,-4.52488227066808e+000
6.60693448007591e+002,8.65404693688715e+001,-4.51461299674703e+000
6.76082975391976e+002,8.65257718848246e+001,-4.50230862170114e+000
6.91830970918931e+002,8.65111859239894e+001,-4.48800951275616e+000
7.07945784384132e+002,8.64967254085149e+001,-4.47176113362348e+000
7.24435960074984e+002,8.64824037608968e+001,-4.45361378007105e+000
7.41310241300911e+002,8.64682338578592e+001,-4.43362229137200e+000
7.58577575029177e+002,8.64542279891043e+001,-4.41184574058823e+000
7.76247116628685e+002,8.64403978207238e+001,-4.38834710714477e+000
7.94328234724275e+002,8.64267543627851e+001,-4.36319293443260e+000
8.12830516164092e+002,8.64133079428118e+001,-4.33645297704883e+000
8.31763771102664e+002,8.64000681833997e+001,-4.30819983964478e+000
8.51138038202369e+002,8.63870439855510e+001,-4.27850861190939e+000
8.70963589956073e+002,8.63742435159694e+001,-4.24745650193040e+000
8.91250938133738e+002,8.63616742003228e+001,-4.21512247220489e+000
9.12010839355902e+002,8.63493427200186e+001,-4.18158687980495e+000
9.33254300796983e+002,8.63372550141954e+001,-4.14693112468966e+000
9.54992586021428e+002,8.63254162856754e+001,-4.11123730782831e+000
9.77237220955802e+002,8.63138310107042e+001,-4.07458790167896e+000
9.99999999999991e+002,8.63025029524256e+001,-4.03706543495627e+000
1.02329299228075e+003,8.62914351777970e+001,-3.99875219335577e+000
1.04712854805089e+003,8.62806300772629e+001,-3.95972993755358e+000
1.07151930523760e+003,8.62700893874802e+001,-3.92007963991695e+000
1.09647819614318e+003,8.62598142157093e+001,-3.87988124025350e+000
1.12201845430195e+003,8.62498050668388e+001,-3.83921342184595e+000
1.14815362149687e+003,8.62400618718412e+001,-3.79815340770213e+000
1.17489755493952e+003,8.62305840172355e+001,-3.75677677727640e+000
1.20226443461740e+003,8.62213703761543e+001,-3.71515730370217e+000
1.23026877081237e+003,8.62124193396567e+001,-3.67336681110873e+000
1.25892541179416e+003,8.62037288485953e+001,-3.63147505162611e+000
1.28824955169312e+003,8.61952964255862e+001,-3.58954960160761e+000
1.31825673855640e+003,8.61871192075484e+001,-3.54765577644774e+000
1.34896288259164e+003,8.61791939767075e+001,-3.50585656249637e+000
1.38038426460287e+003,8.61715171925418e+001,-3.46421256640085e+000
1.41253754462274e+003,8.61640850220039e+001,-3.42278197955899e+000
1.44543977074591e+003,8.61568933694704e+001,-3.38162055772250e+000
1.47910838816819e+003,8.61499379056310e+001,-3.34078161397856e+000
1.51356124843619e+003,8.61432140954870e+001,-3.30031602462919e+000
1.54881661891247e+003,8.61367172248330e+001,-3.26027224630109e+000
1.58489319246110e+003,8.61304424259653e+001,-3.22069634347240e+000
1.62181009735891e+003,8.61243847018920e+001,-3.18163202580117e+000
1.65958690743754e+003,8.61185389493425e+001,-3.14312069350371e+000
1.69824365246173e+003,8.61128999803397e+001,-3.10520148984325e+000
1.73780082874936e+003,8.61074625425450e+001,-3.06791136079769e+000
1.77827941003891e+003,8.61022213383482e+001,-3.03128511955941e+000
1.81970085860997e+003,8.60971710422382e+001,-2.99535551597153e+000
1.86208713666285e+003,8.60923063173717e+001,-2.96015330996798e+000
1.90546071796323e+003,8.60876218304711e+001,-2.92570734793666e+000
1.94984459975803e+003,8.60831122658215e+001,-2.89204464157716e+000
1.99526231496886e+003,8.60787723376544e+001,-2.85919044869600e+000
2.04173794466951e+003,8.60745968016943e+001,-2.82716835497214e+000
2.08929613085402e+003,8.60705804654699e+001,-2.79600035683788e+000
2.13796208950221e+003,8.60667181974634e+001,-2.76570694395983e+000
2.18776162394953e+003,8.60630049354367e+001,-2.73630718222974e+000
2.23872113856832e+003,8.60594356937165e+001,-2.70781879570908e+000
2.29086765276775e+003,8.60560055693238e+001,-2.68025824777012e+000
2.34422881531990e+003,8.60527097479427e+001,-2.65364082118806e+000
2.39883291901947e+003,8.60495435081264e+001,-2.62798069659772e+000
2.45470891568501e+003,8.60465022255034e+001,-2.60329102939674e+000
2.51188643150955e+003,8.60435813759705e+001,-2.57958402485759e+000
2.57039578276884e+003,8.60407765385229e+001,-2.55687101136901e+000
2.63026799189535e+003,8.60380833970131e+001,-2.53516251084511e+000
2.69153480392689e+003,8.60354977415648e+001,-2.51446830852782e+000
2.75422870333814e+003,8.60330154699427e+001,-2.49479751854620e+000
2.81838293126442e+003,8.60306325876746e+001,-2.47615864909659e+000
2.88403150312658e+003,8.60283452083467e+001,-2.45855966358003e+000
2.95120922666635e+003,8.60261495533541e+001,-2.44200804106003e+000
3.01995172040198e+003,8.60240419510855e+001,-2.42651083295106e+000
3.09029543251356e+003,8.60220188360992e+001,-2.41207471855410e+000
3.16227766016835e+003,8.60200767479528e+001,-2.39870605725011e+000
3.23593656929625e+003,8.60182123296615e+001,-2.38641093961752e+000
3.31131121482588e+003,8.60164223261191e+001,-2.37519523551322e+000
3.38844156139199e+003,8.60147035820485e+001,-2.36506464026217e+000
3.46736850452528e+003,8.60130530401753e+001,-2.35602471911221e+000
3.54813389233572e+003,8.60114677388624e+001,-2.34808094892118e+000
3.63078054770097e+003,8.60099448098707e+001,-2.34123875909985e+000
3.71535229097168e+003,8.60084814759373e+001,-2.33550356925675e+000
3.80189396320557e+003,8.60070750482331e+001,-2.33088082647158e+000
3.89045144994276e+003,8.60057229238523e+001,-2.32737603993054e+000
3.98107170553493e+003,8.60044225828813e+001,-2.32499481434218e+000
4.07380277804108e+003,8.60031715862366e+001,-2.32374288141297e+000
4.16869383470331e+003,8.60019675722203e+001,-2.32362613086029e+000
4.26579518801588e+003,8.60008082543680e+001,-2.32465063829045e+000
4.36515832240161e+003,8.59996914181486e+001,-2.32682269359807e+000
4.46683592150958e+003,8.59986149186010e+001,-2.33014882712027e+000
4.57088189614870e+003,8.59975766772910e+001,-2.33463583474924e+000
4.67735141287193e+003,8.59965746793849e+001,-2.34029080157109e+000
4.78630092322633e+003,8.59956069711265e+001,-2.34712112587964e+000
4.89778819368441e+003,8.59946716567943e+001,-2.35513454034472e+000
5.01187233627267e+003,8.59937668961050e+001,-2.36433913372978e+000
5.12861383991359e+003,8.59928909012379e+001,-2.37474337078543e+000
5.24807460249767e+003,8.59920419344077e+001,-2.38635611224828e+000
5.37031796370247e+003,8.59912183046175e+001,-2.39918663337444e+000
5.49540873857618e+003,8.59904183655646e+001,-2.41324464218395e+000
5.62341325190343e+003,8.59896405124919e+001,-2.42854029698485e+000
5.75439937337150e+003,8.59888831796765e+001,-2.44508422343834e+000
5.88843655355582e+003,8.59881448378620e+001,-2.46288753108989e+000
6.02559586074351e+003,8.59874239915239e+001,-2.48196182895460e+000
6.16595001861475e+003,8.59867191763447e+001,-2.50231924168982e+000
6.30957344480186e+003,8.59860289564751e+001,-2.52397242430247e+000
6.45654229034648e+003,8.59853519222438e+001,-2.54693457729232e+000
6.60693448007588e+003,8.59846866873546e+001,-2.57121946104009e+000
6.76082975391974e+003,8.59840318865289e+001,-2.59684141029319e+000
6.91830970918928e+003,8.59833861728492e+001,-2.62381534760977e+000
7.07945784384129e+003,8.59827482153576e+001,-2.65215679810573e+000
7.24435960074981e+003,8.59821166963808e+001,-2.68188190235722e+000
7.41310241300908e+003,8.59814903093147e+001,-2.71300742999749e+000
7.58577575029174e+003,8.59808677558149e+001,-2.74555079365917e+000
7.76247116628682e+003,8.59802477434886e+001,-2.77953006134863e+000
7.94328234724272e+003,8.59796289833408e+001,-2.81496397067740e+000
8.12830516164089e+003,8.59790101872275e+001,-2.85187194081207e+000
8.31763771102661e+003,8.59783900653159e+001,-2.89027408653354e+000
8.51138038202366e+003,8.59777673235390e+001,-2.93019123137235e+000
8.70963589956070e+003,8.59771406611681e+001,-2.97164491968011e+000
8.91250938133734e+003,8.59765087680787e+001,-3.01465743107580e+000
9.12010839355898e+003,8.59758703219072e+001,-3.05925179234871e+000
9.33254300796979e+003,8.59752239860091e+001,-3.10545179134647e+000
9.54992586021424e+003,8.59745684061493e+001,-3.15328199031954e+000
9.77237220955798e+003,8.59739022081874e+001,-3.20276773832088e+000
9.99999999999987e+003,8.59732239950515e+001,-3.25393518568077e+000
1.02329299228074e+004,8.59725323439838e+001,-3.30681129622515e+000
1.04712854805089e+004,8.59718258037198e+001,-3.36142386197346e+000
1.07151930523759e+004,8.59711028914345e+001,-3.41780151566604e+000
1.09647819614317e+004,8.59703620898830e+001,-3.47597374479212e+000
1.12201845430195e+004,8.59696018440632e+001,-3.53597090558029e+000
1.14815362149687e+004,8.59688205584050e+001,-3.59782423648569e+000
1.17489755493951e+004,8.59680165932236e+001,-3.66156587157683e+000
1.20226443461740e+004,8.59671882614552e+001,-3.72722885587758e+000
1.23026877081237e+004,8.59663338254199e+001,-3.79484715741079e+000
1.25892541179415e+004,8.59654514930111e+001,-3.86445568326713e+000
1.28824955169312e+004,8.59645394142758e+001,-3.93609029169406e+000
1.31825673855639e+004,8.59635956776567e+001,-4.00978780800136e+000
1.34896288259164e+004,8.59626183060000e+001,-4.08558603768364e+000
1.38038426460287e+004,8.59616052526512e+001,-4.16352378035518e+000
1.41253754462274e+004,8.59605543973672e+001,-4.24364084459107e+000
1.44543977074591e+004,8.59594635420211e+001,-4.32597806157881e+000
1.47910838816819e+004,8.59583304061981e+001,-4.41057729922564e+000
1.51356124843619e+004,8.59571526226006e+001,-4.49748147585410e+000
1.54881661891246e+004,8.59559277324093e+001,-4.58673457377697e+000
1.58489319246109e+004,8.59546531803036e+001,-4.67838165426071e+000
1.62181009735891e+004,8.59533263095217e+001,-4.77246886868401e+000
1.65958690743754e+004,8.59519443564741e+001,-4.86904347375438e+000
1.69824365246172e+004,8.59505044455054e+001,-4.96815384380971e+000
1.73780082874935e+004,8.59490035828036e+001,-5.06984948258618e+000
1.77827941003890e+004,8.59474386513273e+001,-5.17418103694897e+000
1.81970085860996e+004,8.59458064039109e+001,-5.28120030721199e+000
1.86208713666284e+004,8.59441034575337e+001,-5.39096026008643e+000
1.90546071796322e+004,8.59423262865863e+001,-5.50351503841244e+000
1.94984459975802e+004,8.59404712161100e+001,-5.61891997097707e+000
1.99526231496885e+004,8.59385344148813e+001,-5.73723158332481e+000
2.04173794466950e+004,8.59365118879492e+001,-5.85850760584133e+000
2.08929613085401e+004,8.59343994693368e+001,-5.98280698145454e+000
2.13796208950220e+004,8.59321928140546e+001,-6.11018987392468e+000
2.18776162394952e+004,8.59298873900507e+001,-6.24071767169234e+000
2.23872113856831e+004,8.59274784697639e+001,-6.37445299447632e+000
2.29086765276774e+004,8.59249611215084e+001,-6.51145969602824e+000
2.34422881531989e+004,8.59223302004072e+001,-6.65180286815500e+000
2.39883291901946e+004,8.59195803391452e+001,-6.79554883796709e+000
2.45470891568500e+004,8.59167059380624e+001,-6.94276517196192e+000
2.51188643150954e+004,8.59137011556172e+001,-7.09352066875711e+000
2.57039578276883e+004,8.59105598976399e+001,-7.24788535736544e+000
2.63026799189534e+004,8.59072758067658e+001,-7.40593049148193e+000
2.69153480392688e+004,8.59038422516597e+001,-7.56772853735340e+000
2.75422870333813e+004,8.59002523152796e+001,-7.73335316806300e+000
2.81838293126441e+004,8.58964987834092e+001,-7.90287924424921e+000
2.88403150312656e+004,8.58925741323437e+001,-8.07638280117538e+000
2.95120922666634e+004,8.58884705166919e+001,-8.25394102911149e+000
3.01995172040197e+004,8.58841797562023e+001,-8.43563225077794e+000
3.09029543251354e+004,8.58796933228893e+001,-8.62153589320081e+000
3.16227766016833e+004,8.58750023272094e+001,-8.81173246184383e+000
3.23593656929623e+004,8.58700975042947e+001,-9.00630350472778e+000
3.31131121482586e+004,8.58649691996849e+001,-9.20533157436622e+000
3.38844156139197e+004,8.58596073544828e+001,-9.40890018859839e+000
3.46736850452526e+004,8.58540014907563e+001,-9.61709377935418e+000
3.54813389233570e+004,8.58481406958414e+001,-9.82999764592833e+000
3.63078054770096e+004,8.58420136070744e+001,-1.00476978938086e+001
3.71535229097167e+004,8.58356083957269e+001,-1.02702813732491e+001
3.80189396320555e+004,8.58289127508310e+001,-1.04978356115511e+001
3.89045144994275e+004,8.58219138628951e+001,-1.07304487361520e+001
3.98107170553491e+004,8.58145984070471e+001,-1.09682093954130e+001
4.07380277804107e+004,8.58069525265601e+001,-1.12112066660386e+001
4.16869383470329e+004,8.57989618155088e+001,-1.14595299612204e+001
4.26579518801586e+004,8.57906113019783e+001,-1.17132689246357e+001
4.36515832240159e+004,8.57818854307847e+001,-1.19725133172310e+001
4.46683592150956e+004,8.57727680462510e+001,-1.22373529007860e+001
4.57088189614868e+004,8.57632423754051e+001,-1.25078773037941e+001
4.67735141287191e+004,8.57532910107134e+001,-1.27841758865592e+001
4.78630092322631e+004,8.57428958933985e+001,-1.30663375902989e+001
4.89778819368439e+004,8.57320382967628e+001,-1.33544507816166e+001
5.01187233627264e+004,8.57206988102200e+001,-1.36486030811693e+001
5.12861383991357e+004,8.57088573233551e+001,-1.39488811875431e+001
5.24807460249764e+004,8.56964930107810e+001,-1.42553706845394e+001
5.37031796370244e+004,8.56835843173417e+001,-1.45681558407016e+001
5.49540873857616e+004,8.56701089446308e+001,-1.48873193960746e+001
5.62341325190340e+004,8.56560438376707e+001,-1.52129423378885e+001
5.75439937337148e+004,8.56413651731982e+001,-1.55451036635297e+001
5.88843655355580e+004,8.56260483488040e+001,-1.58838801307807e+001
6.02559586074348e+004,8.56100679732352e+001,-1.62293459976806e+001
6.16595001861472e+004,8.55933978587827e+001,-1.65815727494379e+001
6.30957344480183e+004,8.55760110143646e+001,-1.69406288105624e+001
6.45654229034645e+004,8.55578796412587e+001,-1.73065792491101e+001
6.60693448007586e+004,8.55389751302655e+001,-1.76794854639942e+001
6.76082975391971e+004,8.55192680611895e+001,-1.80594048685702e+001
6.91830970918925e+004,8.54987282048091e+001,-1.84463905510065e+001
7.07945784384127e+004,8.54773245271737e+001,-1.88404909373594e+001
7.24435960074979e+004,8.54550251968245e+001,-1.92417494301325e+001
7.41310241300906e+004,8.54317975948396e+001,-1.96502040517434e+001
7.58577575029172e+004,8.54076083282990e+001,-2.00658870648339e+001
7.76247116628679e+004,8.53824232465593e+001,-2.04888246018221e+001
7.94328234724269e+004,8.53562074618961e+001,-2.09190362681305e+001
8.12830516164086e+004,8.53289253734941e+001,-2.13565347548183e+001
8.31763771102658e+004,8.53005406950174e+001,-2.18013254463086e+001
8.51138038202363e+004,8.52710164871549e+001,-2.22534060152643e+001
8.70963589956067e+004,8.52403151939618e+001,-2.27127660295561e+001
8.91250938133731e+004,8.52083986838485e+001,-2.31793865551240e+001
9.12010839355895e+004,8.51752282953134e+001,-2.36532397576383e+001
9.33254300796976e+004,8.51407648868750e+001,-2.41342885241299e+001
9.54992586021420e+004,8.51049688929942e+001,-2.46224860745715e+001
9.77237220955795e+004,8.50678003835021e+001,-2.51177756031618e+001
9.99999999999984e+004,8.50292191292205e+001,-2.56200899158894e+001
1.02329299228074e+005,8.49891846719112e+001,-2.61293510997794e+001
1.04712854805088e+005,8.49476563990979e+001,-2.66454702003485e+001
1.07151930523759e+005,8.49045936244606e+001,-2.71683469271340e+001
1.09647819614317e+005,8.48599556719061e+001,-2.76978693879507e+001
1.12201845430195e+005,8.48137019652820e+001,-2.82339138426289e+001
1.14815362149686e+005,8.47657921218730e+001,-2.87763444965734e+001
1.17489755493951e+005,8.47161860498898e+001,-2.93250133301437e+001
1.20226443461739e+005,8.46648440505962e+001,-2.98797599585685e+001
1.23026877081236e+005,8.46117269227579e+001,-3.04404115421529e+001
1.25892541179415e+005,8.45567960709580e+001,-3.10067827341200e+001
1.28824955169311e+005,8.45000136161219e+001,-3.15786756801615e+001
1.31825673855639e+005,8.44413425081146e+001,-3.21558800619538e+001
1.34896288259163e+005,8.43807466395392e+001,-3.27381732014059e+001
1.38038426460286e+005,8.43181909615683e+001,-3.33253201982437e+001
1.41253754462273e+005,8.42536415975273e+001,-3.39170741539177e+001
1.44543977074590e+005,8.41870659587978e+001,-3.45131764174039e+001
1.47910838816818e+005,8.41184328574995e+001,-3.51133569139852e+001
1.51356124843618e+005,8.40477126177500e+001,-3.57173345195963e+001
1.54881661891246e+005,8.39748771843771e+001,-3.63248174857298e+001
1.58489319246109e+005,8.38999002280941e+001,-3.69355039365713e+001
1.62181009735890e+005,8.38227572467596e+001,-3.75490823947591e+001
1.65958690743753e+005,8.37434256589823e+001,-3.81652324041734e+001
1.69824365246172e+005,8.36618848969391e+001,-3.87836251463416e+001
1.73780082874935e+005,8.35781164870085e+001,-3.94039241468524e+001
1.77827941003889e+005,8.34921041278832e+001,-4.00257860094282e+001
1.81970085860995e+005,8.34038337571809e+001,-4.06488611988248e+001
1.86208713666284e+005,8.33132936127800e+001,-4.12727948350705e+001
1.90546071796322e+005,8.32204742830874e+001,-4.18972275571616e+001
1.94984459975801e+005,8.31253687484003e+001,-4.25217963772754e+001
1.99526231496885e+005,8.30279724124577e+001,-4.31461355851827e+001
2.04173794466949e+005,8.29282831257100e+001,-4.37698776353157e+001
2.08929613085400e+005,8.28263011951578e+001,-4.43926540755347e+001
2.13796208950220e+005,8.27220293876648e+001,-4.50140964524448e+001
2.18776162394952e+005,8.26154729187061e+001,-4.56338372365153e+001
2.23872113856830e+005,8.25066394356164e+001,-4.62515107200975e+001
2.29086765276773e+005,8.23955389872290e+001,-4.68667539027062e+001
2.34422881531988e+005,8.22821839849756e+001,-4.74792073768795e+001
2.39883291901945e+005,8.21665891551420e+001,-4.80885161601621e+001
2.45470891568499e+005,8.20487714814408e+001,-4.86943305102145e+001
2.51188643150954e+005,8.19287501395793e+001,-4.92963067045919e+001
2.57039578276882e+005,8.18065464231736e+001,-4.98941077814010e+001
2.63026799189534e+005,8.16821836645477e+001,-5.04874042268739e+001
2.69153480392687e+005,8.15556871447335e+001,-5.10758746303122e+001
2.75422870333812e+005,8.14270840030641e+001,-5.16592062741651e+001
2.81838293126440e+005,8.12964031376819e+001,-5.22370956743754e+001
2.88403150312656e+005,8.11636751026098e+001,-5.28092490819135e+001
2.95120922666633e+005,8.10289320031696e+001,-5.33753828992508e+001
3.01995172040196e+005,8.08922073843697e+001,-5.39352240757187e+001
3.09029543251354e+005,8.07535361223320e+001,-5.44885104095617e+001
3.16227766016832e+005,8.06129543117402e+001,-5.50349908221632e+001
3.23593656929623e+005,8.04704991535404e+001,-5.55744255504346e+001
3.31131121482585e+005,8.03262088398084e+001,-5.61065863166071e+001
3.38844156139197e+005,8.01801224450030e+001,-5.66312564151861e+001
3.46736850452526e+005,8.00322798156191e+001,-5.71482307486547e+001
3.54813389233569e+005,7.98827214601512e+001,-5.76573158467028e+001
3.63078054770095e+005,7.97314884449192e+001,-5.81583297933479e+001
3.71535229097166e+005,7.95786222923382e+001,-5.86511021428541e+001
3.80189396320555e+005,7.94241648803555e+001,-5.91354737745239e+001
3.89045144994274e+005,7.92681583484796e+001,-5.96112967277030e+001
3.98107170553490e+005,7.91106450063917e+001,-6.00784339745066e+001
4.07380277804106e+005,7.89516672483940e+001,-6.05367591885466e+001
4.16869383470328e+005,7.87912674706068e+001,-6.09861564617159e+001
4.26579518801585e+005,7.86294879941888e+001,-6.14265200164275e+001
4.36515832240158e+005,7.84663709958747e+001,-6.18577538614558e+001
4.46683592150955e+005,7.83019584383897e+001,-6.22797714709852e+001
4.57088189614867e+005,7.81362920098363e+001,-6.26924954169536e+001
4.67735141287190e+005,7.79694130675277e+001,-6.30958569945775e+001
4.78630092322630e+005,7.78013625860784e+001,-6.34897958399404e+001
4.89778819368438e+005,7.76321811122011e+001,-6.38742595357669e+001
5.01187233627263e+005,7.74619087219679e+001,-6.42492032034728e+001
5.12861383991356e+005,7.72905849850929e+001,-6.46145891280134e+001
5.24807460249763e+005,7.71182489316622e+001,-6.49703863234752e+001
5.37031796370243e+005,7.69449390271346e+001,-6.53165701440230e+001
5.49540873857615e+005,7.67706931480993e+001,-6.56531218831189e+001
5.62341325190339e+005,7.65955485622819e+001,-6.59800283767018e+001
5.75439937337147e+005,7.64195419160718e+001,-6.62972816051465e+001
5.88843655355579e+005,7.62427092228547e+001,-6.66048783190198e+001
6.02559586074347e+005,7.60650858542993e+001,-6.69028196562051e+001
6.16595001861471e+005,7.58867065391641e+001,-6.71911107809923e+001
6.30957344480182e+005,7.57076053600665e+001,-6.74697605178549e+001
6.45654229034644e+005,7.55278157570873e+001,-6.77387810268411e+001
6.60693448007584e+005,7.53473705334609e+001,-6.79981874444865e+001
6.76082975391970e+005,7.51663018623562e+001,-6.82479975828723e+001
6.91830970918924e+005,7.49846412980077e+001,-6.84882316125246e+001
7.07945784384125e+005,7.48024197883417e+001,-6.87189117697141e+001
7.24435960074977e+005,7.46196676888408e+001,-6.89400620786153e+001
7.41310241300904e+005,7.44364147796149e+001,-6.91517080808762e+001
7.58577575029170e+005,7.42526902843270e+001,-6.93538765831720e+001
7.76247116628678e+005,7.40685228897299e+001,-6.95465954194802e+001
7.94328234724267e+005,7.38839407682343e+001,-6.97298932229960e+001
8.12830516164085e+005,7.36989715978958e+001,-6.99037992226553e+001
8.31763771102656e+005,7.35136425897787e+001,-7.00683430381601e+001
8.51138038202361e+005,7.33279805109708e+001,-7.02235545067482e+001
8.70963589956065e+005,7.31420117114838e+001,-7.03694635038596e+001
8.91250938133729e+005,7.29557621523971e+001,-7.05060997958613e+001
9.12010839355893e+005,7.27692574314408e+001,-7.06334929089824e+001
9.33254300796974e+005,7.25825228128073e+001,-7.07516719787985e+001
9.54992586021419e+005,7.23955832555467e+001,-7.08606656576023e+001
9.77237220955793e+005,7.22084634439715e+001,-7.09605020072694e+001
9.99999999999982e+005,7.20211878164692e+001,-7.10512084153706e+001
1.02329299228074e+006,7.18337805972592e+001,-7.11328115159671e+001
1.04712854805088e+006,7.16462658256763e+001,-7.12053371402010e+001
1.07151930523759e+006,7.14586673879546e+001,-7.12688102563881e+001
1.09647819614316e+006,7.12710090483138e+001,-7.13232549491221e+001
1.12201845430194e+006,7.10833144779101e+001,-7.13686943941173e+001
1.14815362149686e+006,7.08956072898838e+001,-7.14051508390836e+001
1.17489755493951e+006,7.07079110671252e+001,-7.14326456315284e+001
1.20226443461739e+006,7.05202493942475e+001,-7.14511992097578e+001
1.23026877081236e+006,7.03326458897219e+001,-7.14608311569933e+001
1.25892541179414e+006,7.01451242354468e+001,-7.14615602287319e+001
1.28824955169311e+006,6.99577082067084e+001,-7.14534044200782e+001
1.31825673855638e+006,6.97704217046754e+001,-7.14363810210552e+001
1.34896288259163e+006,6.95832887820654e+001,-7.14105067165212e+001
1.38038426460286e+006,6.93963336776108e+001,-7.13757976720731e+001
1.41253754462273e+006,6.92095808407228e+001,-7.13322696345401e+001
1.44543977074590e+006,6.90230549630414e+001,-7.12799380722994e+001
1.47910838816818e+006,6.88367810008379e+001,-7.12188182971969e+001
1.51356124843618e+006,6.86507842088322e+001,-7.11489256157254e+001
1.54881661891245e+006,6.84650901600076e+001,-7.10702754933915e+001
1.58489319246108e+006,6.82797247745106e+001,-7.09828837383646e+001
1.62181009735890e+006,6.80947143414391e+001,-7.08867666673185e+001
1.65958690743753e+006,6.79100855433412e+001,-7.07819413404037e+001
1.69824365246171e+006,6.77258654752883e+001,-7.06684257541127e+001
1.73780082874934e+006,6.75420816669142e+001,-7.05462390884444e+001
1.77827941003889e+006,6.73587620997202e+001,-7.04154019451859e+001
1.81970085860995e+006,6.71759352266599e+001,-7.02759366113201e+001
1.86208713666283e+006,6.69936299817793e+001,-7.01278673239630e+001
1.90546071796321e+006,6.68118757995156e+001,-6.99712205664424e+001
1.94984459975801e+006,6.66307026200859e+001,-6.98060253722173e+001
1.99526231496884e+006,6.64501409018303e+001,-6.96323136168777e+001
2.04173794466949e+006,6.62702216253016e+001,-6.94501203710552e+001
2.08929613085400e+006,6.60909762956329e+001,-6.92594842270605e+001
2.13796208950219e+006,6.59124369467132e+001,-6.90604476365705e+001
2.18776162394951e+006,6.57346361336592e+001,-6.88530572951395e+001
2.23872113856830e+006,6.55576069300409e+001,-6.86373644958466e+001
2.29086765276773e+006,6.53813829162475e+001,-6.84134255228675e+001
2.34422881531988e+006,6.52059981690995e+001,-6.81813020243048e+001
2.39883291901944e+006,6.50314872415375e+001,-6.79410614271571e+001
2.45470891568498e+006,6.48578851426186e+001,-6.76927773249046e+001
2.51188643150953e+006,6.46852273127311e+001,-6.74365298886881e+001
2.57039578276881e+006,6.45135495920367e+001,-6.71724062810811e+001
2.63026799189533e+006,6.43428881867372e+001,-6.69005010546055e+001
2.69153480392686e+006,6.41732796301527e+001,-6.66209165690278e+001
2.75422870333811e+006,6.40047607346604e+001,-6.63337633971706e+001
2.81838293126440e+006,6.38373685461846e+001,-6.60391607144458e+001
2.88403150312655e+006,6.36711402873700e+001,-6.57372366981392e+001
2.95120922666633e+006,6.35061132961700e+001,-6.54281289108992e+001
3.01995172040196e+006,6.33423249612731e+001,-6.51119846563968e+001
3.09029543251353e+006,6.31798126523134e+001,-6.47889613368407e+001
3.16227766016832e+006,6.30186136394956e+001,-6.44592267828309e+001
3.23593656929622e+006,6.28587650167371e+001,-6.41229595563314e+001
3.31131121482585e+006,6.27003036088571e+001,-6.37803492365705e+001
3.38844156139196e+006,6.25432658851070e+001,-6.34315966716299e+001
3.46736850452525e+006,6.23876878567628e+001,-6.30769141903010e+001
3.54813389233568e+006,6.22336049803352e+001,-6.27165257927994e+001
3.63078054770094e+006,6.20810520449400e+001,-6.23506672975123e+001
3.71535229097165e+006,6.19300630680813e+001,-6.19795864223826e+001
3.80189396320554e+006,6.17806711776117e+001,-6.16035428567487e+001
3.89045144994273e+006,6.16329084963700e+001,-6.12228082608064e+001
3.98107170553489e+006,6.14868060203803e+001,-6.08376662168383e+001
4.07380277804105e+006,6.13423934995641e+001,-6.04484121320900e+001
4.16869383470327e+006,6.11996993104200e+001,-6.00553530751461e+001
4.26579518801584e+006,6.10587503336075e+001,-5.96588075644809e+001
4.36515832240157e+006,6.09195718299194e+001,-5.92591052813987e+001
4.46683592150954e+006,6.07821873121773e+001,-5.88565867478486e+001
4.57088189614866e+006,6.06466184265223e+001,-5.84516029114319e+001
4.67735141287189e+006,6.05128848287383e+001,-5.80445146757149e+001
4.78630092322629e+006,6.03810040668477e+001,-5.76356923900340e+001
4.89778819368436e+006,6.02509914649992e+001,-5.72255152545812e+001
5.01187233627262e+006,6.01228600183723e+001,-5.68143706614064e+001
5.12861383991355e+006,5.99966202821172e+001,-5.64026534868269e+001
5.24807460249762e+006,5.98722802779236e+001,-5.59907653385877e+001
5.37031796370242e+006,5.97498453980250e+001,-5.55791137221545e+001
5.49540873857613e+006,5.96293183246768e+001,-5.51681111675685e+001
5.62341325190338e+006,5.95106989521841e+001,-5.47581743264415e+001
5.75439937337145e+006,5.93939843201758e+001,-5.43497229889635e+001
5.88843655355577e+006,5.92791685551258e+001,-5.39431791002649e+001
6.02559586074345e+006,5.91662428240313e+001,-5.35389657142408e+001
6.16595001861470e+006,5.90551952958830e+001,-5.31375059412401e+001
6.30957344480180e+006,5.89460111153548e+001,-5.27392218606275e+001
6.45654229034642e+006,5.88386723862707e+001,-5.23445334084064e+001
6.60693448007582e+006,5.87331581666173e+001,-5.19538572689332e+001
6.76082975391968e+006,5.86294444778607e+001,-5.15676057602971e+001
6.91830970918922e+006,5.85275043182147e+001,-5.11861856995696e+001
7.07945784384123e+006,5.84273076924792e+001,-5.08099973039083e+001
7.24435960074975e+006,5.83288216552739e+001,-5.04394330746371e+001
7.41310241300902e+006,5.82320103561204e+001,-5.00748767029608e+001
7.58577575029168e+006,5.81368351046771e+001,-4.97167020229084e+001
7.76247116628676e+006,5.80432544388069e+001,-4.93652719563285e+001
7.94328234724265e+006,5.79512242065698e+001,-4.90209374931513e+001
8.12830516164082e+006,5.78606976550922e+001,-4.86840367364057e+001
8.31763771102654e+006,5.77716255295541e+001,-4.83548939572101e+001
8.51138038202359e+006,5.76839561797924e+001,-4.80338186823866e+001
8.70963589956062e+006,5.75976356742198e+001,-4.77211048603188e+001
8.91250938133727e+006,5.75126079210960e+001,-4.74170300379822e+001
9.12010839355890e+006,5.74288147969451e+001,-4.71218546149546e+001
9.33254300796971e+006,5.73461962799531e+001,-4.68358211212092e+001
9.54992586021416e+006,5.72646905864156e+001,-4.65591535665595e+001
9.77237220955790e+006,5.71842343215227e+001,-4.62920568330356e+001
9.99999999999979e+006,5.71047626181069e+001,-4.60347161255158e+001
1.02329299228073e+007,5.70262092976337e+001,-4.57872964562765e+001
1.04712854805088e+007,5.69485070198377e+001,-4.55499422080715e+001
1.07151930523758e+007,5.68715874440370e+001,-4.53227767294445e+001
1.09647819614316e+007,5.67953813887860e+001,-4.51059020184807e+001
1.12201845430194e+007,5.67198189956337e+001,-4.48993983840385e+001
1.14815362149686e+007,5.66448298939246e+001,-4.47033242654419e+001
1.17489755493950e+007,5.65703433696555e+001,-4.45177159931474e+001
1.20226443461739e+007,5.64962885302775e+001,-4.43425876842497e+001
1.23026877081236e+007,5.64225944753157e+001,-4.41779311739151e+001
1.25892541179414e+007,5.63491904666654e+001,-4.40237159227888e+001
1.28824955169311e+007,5.62760060988558e+001,-4.38798891319190e+001
1.31825673855638e+007,5.62029714693589e+001,-4.37463757324016e+001
1.34896288259162e+007,5.61300173521689e+001,-4.36230785420663e+001
1.38038426460286e+007,5.60570753628866e+001,-4.35098784641206e+001
1.41253754462272e+007,5.59840781381193e+001,-4.34066346715055e+001
1.44543977074590e+007,5.59109594965269e+001,-4.33131849354209e+001
1.47910838816818e+007,5.58376546172217e+001,-4.32293459411176e+001
1.51356124843618e+007,5.57641001993201e+001,-4.31549136862321e+001
1.54881661891245e+007,5.56902346354984e+001,-4.30896639420809e+001
1.58489319246108e+007,5.56159981720081e+001,-4.30333527479245e+001
1.62181009735889e+007,5.55413330741486e+001,-4.29857169993224e+001
1.65958690743752e+007,5.54661837873546e+001,-4.29464750513120e+001
1.69824365246171e+007,5.53904970885640e+001,-4.29153274225892e+001
1.73780082874934e+007,5.53142222460869e+001,-4.28919575317515e+001
1.77827941003888e+007,5.52373111621122e+001,-4.28760325307184e+001
1.81970085860994e+007,5.51597185242323e+001,-4.28672041113859e+001
1.86208713666283e+007,5.50814019339087e+001,-4.28651095199564e+001
1.90546071796321e+007,5.50023220451460e+001,-4.28693724729980e+001
1.94984459975800e+007,5.49224426905700e+001,-4.28796042471601e+001
1.99526231496884e+007,5.48417309937318e+001,-4.28954047597440e+001
2.04173794466948e+007,5.47601574864893e+001,-4.29163637300661e+001
2.08929613085399e+007,5.46776961977338e+001,-4.29420619378483e+001
2.13796208950219e+007,5.45943247574320e+001,-4.29720723976786e+001
2.18776162394950e+007,5.45100244667375e+001,-4.30059617574491e+001
2.23872113856829e+007,5.44247803736169e+001,-4.30432916006230e+001
2.29086765276772e+007,5.43385813265367e+001,-4.30836198491704e+001
2.34422881531987e+007,5.42514200233273e+001,-4.31265021976306e+001
2.39883291901944e+007,5.41632930403639e+001,-4.31714935682037e+001
2.45470891568498e+007,5.40742008568688e+001,-4.32181495527228e+001
2.51188643150952e+007,5.39841478526760e+001,-4.32660280044115e+001
2.57039578276881e+007,5.38931423114552e+001,-4.33146904313110e+001
2.63026799189532e+007,5.38011963923650e+001,-4.33637035728490e+001
2.69153480392686e+007,5.37083260923078e+001,-4.34126409361913e+001
2.75422870333811e+007,5.36145511977373e+001,-4.34610842311592e+001
2.81838293126439e+007,5.35198952196551e+001,-4.35086249301840e+001
2.88403150312654e+007,5.34243853125414e+001,-4.35548657181408e+001
2.95120922666632e+007,5.33280521835384e+001,-4.35994218837178e+001
3.01995172040195e+007,5.32309299783419e+001,-4.36419228440756e+001
3.09029543251352e+007,5.31330561674669e+001,-4.36820133893910e+001
3.16227766016831e+007,5.30344714105399e+001,-4.37193550896485e+001
3.23593656929621e+007,5.29352194034093e+001,-4.37536275316564e+001
3.31131121482584e+007,5.28353467245723e+001,-4.37845295604943e+001
3.38844156139195e+007,5.27349026621858e+001,-4.38117803650124e+001
3.46736850452524e+007,5.26339390300375e+001,-4.38351206103368e+001
3.54813389233568e+007,5.25325099797475e+001,-4.38543134819735e+001
3.63078054770093e+007,5.24306717972468e+001,-4.38691455026161e+001
3.71535229097164e+007,5.23284826873369e+001,-4.38794274701173e+001
3.80189396320553e+007,5.22260025605231e+001,-4.38849952231545e+001
3.89045144994272e+007,5.21232928092050e+001,-4.38857102354397e+001
3.98107170553488e+007,5.20204160656463e+001,-4.38814602864589e+001
4.07380277804104e+007,5.19174359770470e+001,-4.38721599203241e+001
4.16869383470326e+007,5.18144169564915e+001,-4.38577508084401e+001
4.26579518801583e+007,5.17114239377495e+001,-4.38382020870785e+001
4.36515832240156e+007,5.16085221257009e+001,-4.38135105328938e+001
4.46683592150953e+007,5.15057767466125e+001,-4.37837006732673e+001
4.57088189614865e+007,5.14032528073540e+001,-4.37488247495919e+001
4.67735141287188e+007,5.13010148297736e+001,-4.37089626663700e+001
4.78630092322628e+007,5.11991266107179e+001,-4.36642217431345e+001
4.89778819368435e+007,5.10976509696414e+001,-4.36147363828708e+001
5.01187233627261e+007,5.09966495087892e+001,-4.35606677111535e+001
5.12861383991353e+007,5.08961823682922e+001,-4.35022031019905e+001
5.24807460249761e+007,5.07963079954035e+001,-4.34395554295282e+001
5.37031796370241e+007,5.06970829092045e+001,-4.33729625546790e+001
5.49540873857612e+007,5.05985614848091e+001,-4.33026863400328e+001
5.62341325190336e+007,5.05007957325909e+001,-4.32290119638084e+001
5.75439937337144e+007,5.04038350939783e+001,-4.31522467953951e+001
5.88843655355576e+007,5.03077262500734e+001,-4.30727193655345e+001
6.02559586074344e+007,5.02125129277421e+001,-4.29907783065856e+001
6.16595001861468e+007,5.01182357247515e+001,-4.29067910759209e+001
6.30957344480179e+007,5.00249319581477e+001,-4.28211427044584e+001
6.45654229034641e+007,4.99326355010024e+001,-4.27342344290202e+001
6.60693448007581e+007,4.98413766526228e+001,-4.26464823289212e+001
6.76082975391967e+007,4.97511820188014e+001,-4.25583158422084e+001
6.91830970918921e+007,4.96620743955156e+001,-4.24701762987567e+001
7.07945784384122e+007,4.95740726838435e+001,-4.23825153381822e+001
7.24435960074974e+007,4.94871918059016e+001,-4.22957933918737e+001
7.41310241300901e+007,4.94014426523161e+001,-4.22104780380323e+001
7.58577575029167e+007,4.93168320278541e+001,-4.21270424569101e+001
7.76247116628674e+007,4.92333626171546e+001,-4.20459637931173e+001
7.94328234724264e+007,4.91510329880068e+001,-4.19677214851656e+001
8.12830516164081e+007,4.90698375721785e+001,-4.18927957392810e+001
8.31763771102652e+007,4.89897666953185e+001,-4.18216658809332e+001
8.51138038202357e+007,4.89108066038508e+001,-4.17548088028206e+001
8.70963589956061e+007,4.88329395166486e+001,-4.16926973853651e+001
8.91250938133725e+007,4.87561436740016e+001,-4.16357990406393e+001
9.12010839355889e+007,4.86803934282718e+001,-4.15845742053194e+001
9.33254300796970e+007,4.86056593146894e+001,-4.15394749145891e+001
9.54992586021414e+007,4.85319081697405e+001,-4.15009434724287e+001
9.77237220955788e+007,4.84591032260650e+001,-4.14694111150011e+001
1.00000000000000e+008,4.83872042358809e+001,-4.14452967077971e+001
