time,V(vin),V(vo1),V(vs),V(vout)
0.000000000000000e+00,2.094883e-13,3.029357e+00,0.000000e+00,2.391396e-14
4.882812557061023e-11,1.102594e-05,3.029361e+00,6.135923e-08,4.718682e-06
9.765625114122045e-11,2.113722e-05,3.029365e+00,1.227185e-07,8.731304e-06
1.953125022824409e-10,3.805806e-05,3.029370e+00,2.454369e-07,1.492295e-05
3.906250045648818e-10,6.191037e-05,3.029377e+00,4.908738e-07,2.180340e-05
7.812500091297636e-10,8.652196e-05,3.029376e+00,9.817477e-07,2.304504e-05
1.562500018259527e-09,9.870174e-05,3.029358e+00,1.963495e-06,6.640420e-06
3.125000036519054e-09,8.939477e-05,3.029310e+00,3.926991e-06,-3.752880e-05
6.250000073038109e-09,6.503001e-05,3.029239e+00,7.853982e-06,-1.052145e-04
1.250000014607622e-08,3.997220e-05,3.029166e+00,1.570796e-05,-1.737841e-04
2.500000029215244e-08,2.490809e-05,3.029121e+00,3.141593e-05,-2.159763e-04
5.000000058430487e-08,2.288208e-05,3.029105e+00,6.283185e-05,-2.318365e-04
1.000000011686097e-07,3.214865e-05,3.029068e+00,1.256637e-04,-2.675334e-04
2.000000023372195e-07,6.458980e-05,3.028901e+00,2.513271e-04,-4.281867e-04
4.000000046744390e-07,1.645262e-04,3.028336e+00,5.026527e-04,-9.726196e-04
8.000000093488779e-07,4.284156e-04,3.026782e+00,1.005293e-03,-2.468258e-03
1.600000018697756e-06,1.030727e-03,3.023189e+00,2.010484e-03,-5.927450e-03
5.641406287395512e-06,4.193143e-03,3.004356e+00,7.083264e-03,-2.404070e-02
1.052421878739551e-05,8.006413e-03,2.981887e+00,1.318660e-02,-4.562043e-02
1.540703128739551e-05,1.179275e-02,2.959858e+00,1.924031e-02,-6.674046e-02
2.273125003739551e-05,1.739061e-02,2.927815e+00,2.817805e-02,-9.739300e-02
3.005546878739551e-05,2.284839e-02,2.897202e+00,3.687726e-02,-1.265940e-01
3.737968753739551e-05,2.811987e-02,2.868268e+00,4.526429e-02,-1.541102e-01
4.470390628739551e-05,3.316040e-02,2.841248e+00,5.326815e-02,-1.797244e-01
5.202812503739552e-05,3.792731e-02,2.816362e+00,6.082109e-02,-2.032368e-01
5.935234378739553e-05,4.238024e-02,2.793810e+00,6.785917e-02,-2.244678e-01
6.667656253739553e-05,4.648145e-02,2.773775e+00,7.432280e-02,-2.432582e-01
7.783727682310983e-05,5.211250e-02,2.748160e+00,8.314959e-02,-2.670944e-01
8.899799110882412e-05,5.658297e-02,2.729626e+00,9.011017e-02,-2.842586e-01
1.001587053945384e-04,5.989284e-02,2.718173e+00,9.520455e-02,-2.947508e-01
1.113194196802527e-04,6.204214e-02,2.713801e+00,9.843272e-02,-2.985712e-01
1.224801339659670e-04,6.303085e-02,2.716511e+00,9.979469e-02,-2.957196e-01
1.336408482516813e-04,6.285897e-02,2.726302e+00,9.929046e-02,-2.861960e-01
1.448015625373956e-04,6.152651e-02,2.743174e+00,9.692003e-02,-2.700005e-01
1.510794643231099e-04,6.016716e-02,2.755827e+00,9.462033e-02,-2.579279e-01
1.573573661088242e-04,5.846943e-02,2.770184e+00,9.178596e-02,-2.442207e-01
1.636352678945384e-04,5.643334e-02,2.786246e+00,8.841692e-02,-2.288791e-01
1.699131696802528e-04,5.405887e-02,2.804012e+00,8.451321e-02,-2.119030e-01
1.761910714659671e-04,5.134603e-02,2.823482e+00,8.007484e-02,-1.932923e-01
1.824689732516813e-04,4.829482e-02,2.844657e+00,7.510181e-02,-1.730472e-01
1.887468750373956e-04,4.490525e-02,2.867536e+00,6.959410e-02,-1.511676e-01
1.960710937873956e-04,4.064835e-02,2.895411e+00,6.269956e-02,-1.244614e-01
2.033953125373956e-04,3.605082e-02,2.924716e+00,5.527427e-02,-9.635268e-02
2.107195312873956e-04,3.115137e-02,2.955190e+00,4.738106e-02,-6.708943e-02
2.156023437873956e-04,2.773762e-02,2.976022e+00,4.189183e-02,-4.706656e-02
2.180437500373956e-04,2.599127e-02,2.986563e+00,3.908677e-02,-3.693032e-02
2.229265625373957e-04,2.242783e-02,3.007841e+00,3.336896e-02,-1.645816e-02
2.253679687873957e-04,2.061407e-02,3.018558e+00,3.046160e-02,-6.142388e-03
2.278093750373957e-04,1.878121e-02,3.029312e+00,2.752556e-02,4.212974e-03
2.305995536088242e-04,1.665873e-02,3.041676e+00,2.412793e-02,1.612123e-02
2.333897321802528e-04,1.452275e-02,3.054020e+00,2.071121e-02,2.801445e-02
2.361799107516814e-04,1.237330e-02,3.066345e+00,1.727540e-02,3.989262e-02
2.389700893231100e-04,1.021035e-02,3.078652e+00,1.382049e-02,5.175574e-02
2.417602678945385e-04,8.033921e-03,3.090940e+00,1.034650e-02,6.360382e-02
2.445504464659671e-04,5.844006e-03,3.103209e+00,6.853419e-03,7.543685e-02
2.473406250373957e-04,3.640604e-03,3.115459e+00,3.341247e-03,8.725484e-02
2.501308036088242e-04,1.433010e-03,3.127635e+00,-1.751086e-04,9.900310e-02
2.529209821802528e-04,-7.692338e-04,3.139685e+00,-3.680516e-03,1.106315e-01
2.557111607516814e-04,-2.966127e-03,3.151609e+00,-7.174976e-03,1.221400e-01
2.585013393231100e-04,-5.157669e-03,3.163408e+00,-1.065849e-02,1.335287e-01
2.612915178945385e-04,-7.343859e-03,3.175081e+00,-1.413105e-02,1.447975e-01
2.640816964659671e-04,-9.524700e-03,3.186629e+00,-1.759267e-02,1.559464e-01
2.668718750373957e-04,-1.170019e-02,3.198052e+00,-2.104334e-02,1.669754e-01
2.721034598588242e-04,-1.576590e-02,3.219118e+00,-2.748509e-02,1.873198e-01
2.773350446802529e-04,-1.972083e-02,3.239266e+00,-3.374286e-02,2.067726e-01
2.825666295016814e-04,-2.356499e-02,3.258496e+00,-3.981663e-02,2.253339e-01
2.877982143231100e-04,-2.729837e-02,3.276809e+00,-4.570642e-02,2.430036e-01
2.930297991445386e-04,-3.092097e-02,3.294203e+00,-5.141222e-02,2.597819e-01
2.982613839659672e-04,-3.443280e-02,3.310680e+00,-5.693404e-02,2.756685e-01
3.034929687873957e-04,-3.783385e-02,3.326240e+00,-6.227186e-02,2.906637e-01
3.122122768231100e-04,-4.317504e-02,3.349613e+00,-7.062876e-02,3.131572e-01
3.209315848588243e-04,-4.787579e-02,3.369006e+00,-7.795544e-02,3.317665e-01
3.296508928945386e-04,-5.193612e-02,3.384420e+00,-8.425189e-02,3.464916e-01
3.383702009302529e-04,-5.535602e-02,3.395853e+00,-8.951811e-02,3.573325e-01
3.470895089659672e-04,-5.813549e-02,3.403305e+00,-9.375410e-02,3.642892e-01
3.558088170016815e-04,-6.027453e-02,3.406778e+00,-9.695987e-02,3.673617e-01
3.645281250373958e-04,-6.177314e-02,3.406271e+00,-9.913541e-02,3.665500e-01
3.732474330731101e-04,-6.239314e-02,3.400803e+00,-9.991027e-02,3.608898e-01
3.819667411088244e-04,-6.229031e-02,3.391525e+00,-9.953867e-02,3.515403e-01
3.906860491445387e-04,-6.146463e-02,3.378437e+00,-9.802060e-02,3.385016e-01
3.994053571802530e-04,-5.991611e-02,3.361538e+00,-9.535606e-02,3.217737e-01
4.081246652159673e-04,-5.764476e-02,3.340828e+00,-9.154504e-02,3.013565e-01
4.168439732516816e-04,-5.465057e-02,3.316308e+00,-8.658756e-02,2.772501e-01
4.255632812873958e-04,-5.093353e-02,3.287978e+00,-8.048362e-02,2.494544e-01
4.307948661088244e-04,-4.840820e-02,3.269651e+00,-7.635828e-02,2.315150e-01
4.360264509302530e-04,-4.570474e-02,3.250553e+00,-7.195418e-02,2.128509e-01
4.412580357516815e-04,-4.282318e-02,3.230683e+00,-6.727130e-02,1.934621e-01
4.464896205731102e-04,-3.976349e-02,3.210042e+00,-6.230966e-02,1.733484e-01
4.517212053945387e-04,-3.652570e-02,3.188630e+00,-5.706924e-02,1.525100e-01
4.569527902159673e-04,-3.310978e-02,3.166447e+00,-5.155005e-02,1.309469e-01
4.621843750373959e-04,-2.951575e-02,3.143492e+00,-4.575209e-02,1.086590e-01
4.646257812873959e-04,-2.780566e-02,3.132697e+00,-4.299626e-02,9.819116e-02
4.670671875373959e-04,-2.607350e-02,3.121840e+00,-4.020663e-02,8.766999e-02
4.695085937873959e-04,-2.431925e-02,3.110920e+00,-3.738319e-02,7.709551e-02
4.719500000373959e-04,-2.254293e-02,3.099937e+00,-3.452594e-02,6.646772e-02
4.743914062873959e-04,-2.074453e-02,3.088892e+00,-3.163488e-02,5.578661e-02
4.768328125373959e-04,-1.892405e-02,3.077784e+00,-2.871001e-02,4.505219e-02
4.792742187873959e-04,-1.708150e-02,3.066613e+00,-2.575133e-02,3.426446e-02
4.817156250373959e-04,-1.522704e-02,3.055441e+00,-2.277518e-02,2.348434e-02
4.865984375373959e-04,-1.147678e-02,3.033060e+00,-1.676141e-02,1.912054e-03
4.914812500373958e-04,-7.683165e-03,3.010698e+00,-1.068454e-02,-1.960782e-02
4.988054687873957e-04,-1.942718e-03,2.977376e+00,-1.501036e-03,-5.161012e-02
5.019444196802527e-04,5.350046e-04,2.963182e+00,2.458426e-03,-6.521636e-02
5.050833705731099e-04,3.002443e-03,2.949159e+00,6.398825e-03,-7.864347e-02
5.082223214659669e-04,5.459596e-03,2.935307e+00,1.032016e-02,-9.189147e-02
5.113612723588240e-04,7.906465e-03,2.921626e+00,1.422244e-02,-1.049603e-01
5.145002232516810e-04,1.034305e-02,2.908115e+00,1.810565e-02,-1.178501e-01
5.176391741445382e-04,1.276935e-02,2.894775e+00,2.196980e-02,-1.305607e-01
5.207781250373952e-04,1.518536e-02,2.881606e+00,2.581489e-02,-1.430922e-01
5.263584821802522e-04,1.945128e-02,2.858655e+00,3.259704e-02,-1.648803e-01
5.319388393231093e-04,2.357363e-02,2.836844e+00,3.914199e-02,-1.855430e-01
5.375191964659663e-04,2.755242e-02,2.816173e+00,4.544973e-02,-2.050802e-01
5.430995536088233e-04,3.138763e-02,2.796642e+00,5.152025e-02,-2.234920e-01
5.486799107516804e-04,3.507928e-02,2.778250e+00,5.735357e-02,-2.407783e-01
5.542602678945374e-04,3.862735e-02,2.760999e+00,6.294968e-02,-2.569392e-01
5.598406250373944e-04,4.203186e-02,2.744888e+00,6.830858e-02,-2.719746e-01
5.692574777159656e-04,4.734128e-02,2.721027e+00,7.663430e-02,-2.940909e-01
5.786743303945369e-04,5.186553e-02,2.702092e+00,8.369368e-02,-3.115795e-01
5.880911830731081e-04,5.560460e-02,2.688081e+00,8.948672e-02,-3.244406e-01
5.975080357516794e-04,5.855849e-02,2.678994e+00,9.401341e-02,-3.326740e-01
6.069248884302505e-04,6.072721e-02,2.674832e+00,9.727377e-02,-3.362798e-01
6.163417411088217e-04,6.211075e-02,2.675595e+00,9.926778e-02,-3.352580e-01
6.257585937873930e-04,6.270911e-02,2.681282e+00,9.999546e-02,-3.296086e-01
6.334315848588214e-04,6.243565e-02,2.690219e+00,9.937274e-02,-3.210535e-01
6.411045759302498e-04,6.161710e-02,2.702029e+00,9.788516e-02,-3.097724e-01
6.487775670016782e-04,6.025348e-02,2.716710e+00,9.553274e-02,-2.957650e-01
6.564505580731067e-04,5.834477e-02,2.734264e+00,9.231546e-02,-2.790316e-01
6.641235491445350e-04,5.589099e-02,2.754689e+00,8.823333e-02,-2.595721e-01
6.717965402159634e-04,5.289212e-02,2.777987e+00,8.328635e-02,-2.373864e-01
6.794695312873918e-04,4.934818e-02,2.804157e+00,7.747452e-02,-2.124747e-01
6.840035714659632e-04,4.704461e-02,2.820521e+00,7.371338e-02,-1.968571e-01
6.885376116445345e-04,4.460938e-02,2.837434e+00,6.974717e-02,-1.807002e-01
6.930716518231059e-04,4.204249e-02,2.854895e+00,6.557586e-02,-1.640041e-01
6.976056920016771e-04,3.934392e-02,2.872903e+00,6.119948e-02,-1.467687e-01
7.021397321802485e-04,3.651370e-02,2.891460e+00,5.661801e-02,-1.289940e-01
7.066737723588198e-04,3.355181e-02,2.910565e+00,5.183146e-02,-1.106800e-01
7.112078125373912e-04,3.045826e-02,2.930218e+00,4.683983e-02,-9.182682e-02
7.133004464659626e-04,2.900422e-02,2.939349e+00,4.449636e-02,-8.306044e-02
7.153930803945340e-04,2.753268e-02,2.948529e+00,4.212627e-02,-7.424530e-02
7.174857143231054e-04,2.604365e-02,2.957756e+00,3.972957e-02,-6.538141e-02
7.195783482516766e-04,2.453710e-02,2.967030e+00,3.730626e-02,-5.646877e-02
7.216709821802480e-04,2.301306e-02,2.976353e+00,3.485632e-02,-4.750736e-02
7.237636161088194e-04,2.147151e-02,2.985723e+00,3.237977e-02,-3.849720e-02
7.258562500373908e-04,1.991246e-02,2.995141e+00,2.987660e-02,-2.943829e-02
7.331804687873907e-04,1.436343e-02,3.028197e+00,2.097903e-02,2.378927e-03
7.356218750373906e-04,1.247981e-02,3.039261e+00,1.796277e-02,1.303456e-02
7.380632812873906e-04,1.058888e-02,3.050290e+00,1.493676e-02,2.365980e-02
7.405046875373905e-04,8.690621e-03,3.061285e+00,1.190099e-02,3.425465e-02
7.429460937873905e-04,6.785049e-03,3.072245e+00,8.855460e-03,4.481910e-02
7.453875000373904e-04,4.872158e-03,3.083172e+00,5.800171e-03,5.535316e-02
7.478289062873904e-04,2.951950e-03,3.094064e+00,2.735123e-03,6.585683e-02
7.502703125373903e-04,1.024424e-03,3.104922e+00,-3.396841e-04,7.633011e-02
7.537580357516759e-04,-1.737158e-03,3.120343e+00,-4.741549e-03,9.120882e-02
7.572457589659616e-04,-4.482364e-03,3.135520e+00,-9.113485e-03,1.058540e-01
7.607334821802472e-04,-7.211194e-03,3.150454e+00,-1.345549e-02,1.202657e-01
7.642212053945329e-04,-9.923648e-03,3.165143e+00,-1.776757e-02,1.344439e-01
7.677089286088185e-04,-1.261973e-02,3.179589e+00,-2.204972e-02,1.483885e-01
7.711966518231042e-04,-1.529943e-02,3.193791e+00,-2.630195e-02,1.620997e-01
7.746843750373898e-04,-1.796275e-02,3.207749e+00,-3.052424e-02,1.755773e-01
7.806135045016753e-04,-2.244267e-02,3.230833e+00,-3.761659e-02,1.978701e-01
7.865426339659610e-04,-2.674117e-02,3.252540e+00,-4.441085e-02,2.188230e-01
7.924717634302465e-04,-3.085826e-02,3.272870e+00,-5.090703e-02,2.384362e-01
7.984008928945322e-04,-3.479393e-02,3.291821e+00,-5.710512e-02,2.567096e-01
8.043300223588177e-04,-3.854819e-02,3.309396e+00,-6.300513e-02,2.736433e-01
8.102591518231034e-04,-4.212103e-02,3.325593e+00,-6.860705e-02,2.892371e-01
8.161882812873889e-04,-4.551246e-02,3.340412e+00,-7.391089e-02,3.034912e-01
8.270002232516744e-04,-5.106531e-02,3.362846e+00,-8.255055e-02,3.249903e-01
8.378121652159599e-04,-5.552836e-02,3.378867e+00,-8.944603e-02,3.402408e-01
8.486241071802453e-04,-5.890160e-02,3.388477e+00,-9.459734e-02,3.492428e-01
8.594360491445309e-04,-6.118504e-02,3.391674e+00,-9.800447e-02,3.519962e-01
8.702479911088163e-04,-6.237867e-02,3.388459e+00,-9.966743e-02,3.485010e-01
8.810599330731019e-04,-6.248249e-02,3.378831e+00,-9.958621e-02,3.387573e-01
8.918718750373873e-04,-6.149650e-02,3.362792e+00,-9.776082e-02,3.227650e-01
8.988473214659586e-04,-6.015418e-02,3.348832e+00,-9.546611e-02,3.089440e-01
9.058227678945299e-04,-5.839315e-02,3.332791e+00,-9.251012e-02,2.931231e-01
9.127982143231012e-04,-5.621339e-02,3.314668e+00,-8.889284e-02,2.753025e-01
9.197736607516724e-04,-5.361492e-02,3.294464e+00,-8.461427e-02,2.554820e-01
9.267491071802437e-04,-5.059773e-02,3.272177e+00,-7.967441e-02,2.336618e-01
9.337245536088150e-04,-4.716181e-02,3.247808e+00,-7.407326e-02,2.098417e-01
9.407000000373863e-04,-4.330719e-02,3.221357e+00,-6.781083e-02,1.840218e-01
9.448852678945291e-04,-4.084684e-02,3.204882e+00,-6.382317e-02,1.679673e-01
9.490705357516718e-04,-3.829219e-02,3.188037e+00,-5.968878e-02,1.515726e-01
9.532558036088145e-04,-3.564324e-02,3.170822e+00,-5.540768e-02,1.348378e-01
9.574410714659573e-04,-3.289999e-02,3.153238e+00,-5.097986e-02,1.177629e-01
9.616263393231001e-04,-3.006243e-02,3.135284e+00,-4.640533e-02,1.003479e-01
9.658116071802428e-04,-2.713057e-02,3.116961e+00,-4.168407e-02,8.259285e-02
9.699968750373856e-04,-2.410441e-02,3.098268e+00,-3.681611e-02,6.449766e-02
9.773210937873856e-04,-1.868788e-02,3.065329e+00,-2.811493e-02,3.267031e-02
9.846453125373854e-04,-1.311401e-02,3.032070e+00,-1.917576e-02,6.045384e-04
9.919695312873853e-04,-7.429952e-03,2.998774e+00,-1.007427e-02,-3.142258e-02
9.947597098588139e-04,-5.238904e-03,2.986100e+00,-6.569619e-03,-4.359274e-02
9.975498884302423e-04,-3.048245e-03,2.973516e+00,-3.067650e-03,-5.566437e-02
1.000340067001671e-03,-8.579755e-04,2.961023e+00,4.316432e-04,-6.763745e-02
1.003130245573099e-03,1.331905e-03,2.948619e+00,3.928260e-03,-7.951199e-02
1.005920424144528e-03,3.521397e-03,2.936306e+00,7.422199e-03,-9.128800e-02
1.008710602715956e-03,5.710500e-03,2.924083e+00,1.091346e-02,-1.029655e-01
1.011500781287385e-03,7.899214e-03,2.911950e+00,1.440205e-02,-1.145444e-01
1.016383593787385e-03,1.172671e-02,2.890955e+00,2.049753e-02,-1.345452e-01
1.021266406287385e-03,1.547559e-02,2.870665e+00,2.646121e-02,-1.538372e-01
1.026149218787385e-03,1.914586e-02,2.851081e+00,3.229310e-02,-1.724204e-01
1.031032031287384e-03,2.273752e-02,2.832203e+00,3.799319e-02,-1.902949e-01
1.035914843787384e-03,2.625057e-02,2.814031e+00,4.356149e-02,-2.074606e-01
1.040797656287384e-03,2.968500e-02,2.796565e+00,4.899799e-02,-2.239176e-01
1.045680468787384e-03,3.304082e-02,2.779804e+00,5.430270e-02,-2.396658e-01
1.053353459858813e-03,3.809752e-02,2.755275e+00,6.227834e-02,-2.625946e-01
1.061026450930241e-03,4.270632e-02,2.733740e+00,6.952705e-02,-2.826744e-01
1.068699442001669e-03,4.686721e-02,2.715197e+00,7.604882e-02,-2.999053e-01
1.076372433073098e-03,5.058019e-02,2.699647e+00,8.184365e-02,-3.142872e-01
1.084045424144526e-03,5.384527e-02,2.687091e+00,8.691155e-02,-3.258200e-01
1.091718415215955e-03,5.666244e-02,2.677528e+00,9.125251e-02,-3.345039e-01
1.099391406287383e-03,5.903171e-02,2.670957e+00,9.486654e-02,-3.403388e-01
1.108808258965954e-03,6.108399e-02,2.668271e+00,9.792115e-02,-3.425727e-01
1.118225111644525e-03,6.227667e-02,2.670406e+00,9.960405e-02,-3.402845e-01
1.127641964323097e-03,6.260974e-02,2.677363e+00,9.991522e-02,-3.334743e-01
1.137058817001668e-03,6.208322e-02,2.689141e+00,9.885467e-02,-3.221419e-01
1.146475669680239e-03,6.069709e-02,2.705742e+00,9.642240e-02,-3.062875e-01
1.155892522358810e-03,5.845135e-02,2.727164e+00,9.261842e-02,-2.859109e-01
1.165309375037382e-03,5.534602e-02,2.753408e+00,8.744271e-02,-2.610123e-01
1.170889732180239e-03,5.312156e-02,2.770766e+00,8.377179e-02,-2.444977e-01
1.176470089323096e-03,5.066920e-02,2.789152e+00,7.974379e-02,-2.269801e-01
1.182050446465953e-03,4.798893e-02,2.808568e+00,7.535870e-02,-2.084593e-01
1.187630803608810e-03,4.508077e-02,2.829012e+00,7.061652e-02,-1.889354e-01
1.193211160751667e-03,4.194469e-02,2.850486e+00,6.551725e-02,-1.684084e-01
1.198791517894524e-03,3.858072e-02,2.872988e+00,6.006090e-02,-1.468783e-01
1.204371875037381e-03,3.498884e-02,2.896519e+00,5.424745e-02,-1.243451e-01
1.207162053608809e-03,3.313971e-02,2.908440e+00,5.125960e-02,-1.129170e-01
1.209952232180238e-03,3.125564e-02,2.920469e+00,4.821828e-02,-1.013792e-01
1.212742410751666e-03,2.933664e-02,2.932607e+00,4.512349e-02,-8.973172e-02
1.215532589323095e-03,2.738270e-02,2.944852e+00,4.197523e-02,-7.797453e-02
1.218322767894523e-03,2.539382e-02,2.957207e+00,3.877350e-02,-6.610764e-02
1.221112946465952e-03,2.337001e-02,2.969669e+00,3.551830e-02,-5.413104e-02
1.223903125037380e-03,2.131126e-02,2.982240e+00,3.220963e-02,-4.204474e-02
1.231227343787380e-03,1.580431e-02,3.015358e+00,2.337222e-02,-1.018138e-02
1.238551562537380e-03,1.016269e-02,3.048568e+00,1.433695e-02,2.180194e-02
1.242039285751666e-03,7.429514e-03,3.064408e+00,9.966038e-03,3.706704e-02
1.245527008965951e-03,4.695029e-03,3.080099e+00,5.596949e-03,5.219363e-02
1.249014732180237e-03,1.959234e-03,3.095643e+00,1.229687e-03,6.718169e-02
1.252502455394523e-03,-7.778709e-04,3.111039e+00,-3.135749e-03,8.203124e-02
1.255990178608808e-03,-3.516285e-03,3.126287e+00,-7.499357e-03,9.674226e-02
1.259477901823094e-03,-6.256010e-03,3.141388e+00,-1.186114e-02,1.113148e-01
1.262965625037380e-03,-8.997044e-03,3.156341e+00,-1.622109e-02,1.257488e-01
1.268197209858808e-03,-1.309697e-02,3.178396e+00,-2.273467e-02,1.470441e-01
1.273428794680236e-03,-1.709850e-02,3.199583e+00,-2.908356e-02,1.674991e-01
1.278660379501665e-03,-2.100166e-02,3.219903e+00,-3.526775e-02,1.871139e-01
1.283891964323093e-03,-2.480643e-02,3.239355e+00,-4.128725e-02,2.058883e-01
1.289123549144522e-03,-2.851282e-02,3.257939e+00,-4.714205e-02,2.238224e-01
1.294355133965950e-03,-3.212083e-02,3.275656e+00,-5.283216e-02,2.409162e-01
1.299586718787379e-03,-3.563045e-02,3.292506e+00,-5.835758e-02,2.571696e-01
1.307608482180236e-03,-4.074298e-02,3.316179e+00,-6.638510e-02,2.799845e-01
1.315630245573093e-03,-4.533994e-02,3.336552e+00,-7.358095e-02,2.995803e-01
1.323652008965950e-03,-4.942135e-02,3.353625e+00,-7.994513e-02,3.159569e-01
1.331673772358807e-03,-5.298719e-02,3.367398e+00,-8.547763e-02,3.291144e-01
1.339695535751664e-03,-5.603747e-02,3.377871e+00,-9.017846e-02,3.390529e-01
1.347717299144521e-03,-5.857218e-02,3.385044e+00,-9.404762e-02,3.457722e-01
1.355739062537378e-03,-6.059134e-02,3.388916e+00,-9.708510e-02,3.492724e-01
1.364807142894520e-03,-6.201324e-02,3.388248e+00,-9.914231e-02,3.482916e-01
1.373875223251663e-03,-6.264014e-02,3.383285e+00,-9.993625e-02,3.431456e-01
1.382943303608806e-03,-6.247204e-02,3.374027e+00,-9.946691e-02,3.338343e-01
1.392011383965948e-03,-6.150893e-02,3.360473e+00,-9.773430e-02,3.203576e-01
1.401079464323091e-03,-5.975083e-02,3.342625e+00,-9.473841e-02,3.027157e-01
1.410147544680233e-03,-5.719772e-02,3.320482e+00,-9.047926e-02,2.809085e-01
1.419215625037376e-03,-5.384962e-02,3.294043e+00,-8.495683e-02,2.549360e-01
1.424795982180233e-03,-5.142926e-02,3.276091e+00,-8.099239e-02,2.373458e-01
1.430376339323090e-03,-4.879201e-02,3.257163e+00,-7.668768e-02,2.188323e-01
1.435956696465947e-03,-4.593789e-02,3.237257e+00,-7.204269e-02,1.993955e-01
1.441537053608804e-03,-4.286689e-02,3.216375e+00,-6.705744e-02,1.790354e-01
1.447117410751661e-03,-3.957900e-02,3.194516e+00,-6.173192e-02,1.577519e-01
1.452697767894518e-03,-3.607423e-02,3.171680e+00,-5.606613e-02,1.355452e-01
1.458278125037375e-03,-3.235259e-02,3.147867e+00,-5.006007e-02,1.124151e-01
1.460719531287375e-03,-3.068656e-02,3.137341e+00,-4.737451e-02,1.022050e-01
1.463160937537375e-03,-2.899580e-02,3.126736e+00,-4.465087e-02,9.192472e-02
1.465602343787375e-03,-2.728033e-02,3.116051e+00,-4.188916e-02,8.157430e-02
1.468043750037375e-03,-2.554014e-02,3.105286e+00,-3.908938e-02,7.115374e-02
1.470485156287375e-03,-2.377522e-02,3.094441e+00,-3.625152e-02,6.066305e-02
1.472926562537375e-03,-2.198558e-02,3.083516e+00,-3.337560e-02,5.010222e-02
1.475367968787375e-03,-2.017122e-02,3.072512e+00,-3.046160e-02,3.947126e-02
1.482692187537375e-03,-1.463422e-02,3.039352e+00,-2.157857e-02,7.485854e-03
1.487575000037375e-03,-1.087170e-02,3.017165e+00,-1.555035e-02,-1.387498e-02
1.491062723251660e-03,-8.145465e-03,3.001257e+00,-1.118631e-02,-2.917038e-02
1.494550446465946e-03,-5.416894e-03,2.985472e+00,-6.821742e-03,-4.432848e-02
1.498038169680232e-03,-2.685988e-03,2.969811e+00,-2.456650e-03,-5.934928e-02
1.501525892894517e-03,4.725305e-05,2.954274e+00,1.908968e-03,-7.423278e-02
1.505013616108803e-03,2.782829e-03,2.938860e+00,6.275110e-03,-8.897898e-02
1.508501339323088e-03,5.520741e-03,2.923570e+00,1.064178e-02,-1.035879e-01
1.511989062537374e-03,8.260988e-03,2.908403e+00,1.500897e-02,-1.180595e-01
1.516871875037374e-03,1.208495e-02,2.887481e+00,2.109766e-02,-1.379829e-01
1.521754687537374e-03,1.582894e-02,2.867272e+00,2.705240e-02,-1.571912e-01
1.526637500037374e-03,1.949296e-02,2.847776e+00,3.287320e-02,-1.756843e-01
1.531520312537374e-03,2.307702e-02,2.828992e+00,3.856005e-02,-1.934624e-01
1.536403125037374e-03,2.658111e-02,2.810921e+00,4.411295e-02,-2.105254e-01
1.541285937537374e-03,3.000523e-02,2.793563e+00,4.953191e-02,-2.268733e-01
1.546168750037373e-03,3.334939e-02,2.776918e+00,5.481692e-02,-2.425061e-01
1.554190513430230e-03,3.861274e-02,2.751511e+00,6.311565e-02,-2.662375e-01
1.562212276823087e-03,4.337869e-02,2.729406e+00,7.060764e-02,-2.868305e-01
1.570234040215944e-03,4.764726e-02,2.710604e+00,7.729288e-02,-3.042852e-01
1.578255803608801e-03,5.141843e-02,2.695105e+00,8.317138e-02,-3.186015e-01
1.586277567001658e-03,5.469221e-02,2.682908e+00,8.824313e-02,-3.297796e-01
1.594299330394515e-03,5.746860e-02,2.674014e+00,9.250814e-02,-3.378193e-01
1.602321093787372e-03,5.974759e-02,2.668422e+00,9.596641e-02,-3.427207e-01
1.611389174144515e-03,6.148139e-02,2.667315e+00,9.851802e-02,-3.434931e-01
1.620457254501658e-03,6.241852e-02,2.670653e+00,9.979895e-02,-3.400940e-01
1.629525334858800e-03,6.255899e-02,2.678437e+00,9.980920e-02,-3.325233e-01
1.638593415215943e-03,6.190279e-02,2.690666e+00,9.854877e-02,-3.207811e-01
1.647661495573086e-03,6.044992e-02,2.707342e+00,9.601766e-02,-3.048673e-01
1.656729575930228e-03,5.820039e-02,2.728462e+00,9.221586e-02,-2.847819e-01
1.665797656287371e-03,5.515420e-02,2.754029e+00,8.714338e-02,-2.605250e-01
1.671378013430228e-03,5.290641e-02,2.771520e+00,8.343527e-02,-2.438834e-01
1.676958370573085e-03,5.043197e-02,2.790031e+00,7.937213e-02,-2.262472e-01
1.682538727715942e-03,4.773087e-02,2.809561e+00,7.495396e-02,-2.076165e-01
1.688119084858799e-03,4.480313e-02,2.830111e+00,7.018076e-02,-1.879913e-01
1.693699442001656e-03,4.164873e-02,2.851680e+00,6.505253e-02,-1.673717e-01
1.699279799144513e-03,3.826767e-02,2.874269e+00,5.956927e-02,-1.457575e-01
1.704860156287370e-03,3.465997e-02,2.897878e+00,5.373097e-02,-1.231488e-01
1.707650334858799e-03,3.280361e-02,2.909833e+00,5.073180e-02,-1.116872e-01
1.710440513430227e-03,3.091273e-02,2.921894e+00,4.767983e-02,-1.001186e-01
1.713230692001656e-03,2.898734e-02,2.934060e+00,4.457507e-02,-8.844288e-02
1.716020870573084e-03,2.702743e-02,2.946332e+00,4.141753e-02,-7.666010e-02
1.718811049144513e-03,2.503301e-02,2.958709e+00,3.820719e-02,-6.477024e-02
1.721601227715941e-03,2.300406e-02,2.971193e+00,3.494406e-02,-5.277330e-02
1.724391406287370e-03,2.094061e-02,2.983782e+00,3.162814e-02,-4.066929e-02
1.731715625037370e-03,1.542346e-02,3.016932e+00,2.277518e-02,-8.772495e-03
1.739039843787369e-03,9.774794e-03,3.050156e+00,1.372944e-02,2.322550e-02
1.742527567001655e-03,7.039386e-03,3.065995e+00,9.355329e-03,3.849091e-02
1.746015290215941e-03,4.303405e-03,3.081682e+00,4.984225e-03,5.361366e-02
1.749503013430226e-03,1.566851e-03,3.097217e+00,6.161242e-04,6.859375e-02
1.752990736644512e-03,-1.170276e-03,3.112601e+00,-3.748974e-03,8.343117e-02
1.756478459858798e-03,-3.907977e-03,3.127832e+00,-8.111069e-03,9.812593e-02
1.759966183073083e-03,-6.646250e-03,3.142911e+00,-1.247016e-02,1.126780e-01
1.763453906287369e-03,-9.385097e-03,3.157839e+00,-1.682625e-02,1.270875e-01
1.768685491108797e-03,-1.348028e-02,3.179847e+00,-2.333171e-02,1.483379e-01
1.773917075930226e-03,-1.747553e-02,3.200979e+00,-2.967004e-02,1.687403e-01
1.779148660751654e-03,-2.137087e-02,3.221236e+00,-3.584124e-02,1.882945e-01
1.784380245573083e-03,-2.516628e-02,3.240618e+00,-4.184531e-02,2.070007e-01
1.789611830394511e-03,-2.886177e-02,3.259124e+00,-4.768225e-02,2.248588e-01
1.794843415215939e-03,-3.245733e-02,3.276755e+00,-5.335206e-02,2.418688e-01
1.800075000037368e-03,-3.595297e-02,3.293510e+00,-5.885475e-02,2.580307e-01
1.808445535751654e-03,-4.125992e-02,3.318003e+00,-6.718549e-02,2.816332e-01
1.816816071465939e-03,-4.599773e-02,3.338875e+00,-7.459869e-02,3.017040e-01
1.825186607180225e-03,-5.016640e-02,3.356127e+00,-8.109435e-02,3.182429e-01
1.833557142894510e-03,-5.376593e-02,3.369758e+00,-8.667246e-02,3.312501e-01
1.841927678608796e-03,-5.679632e-02,3.379768e+00,-9.133303e-02,3.407256e-01
1.850298214323081e-03,-5.925758e-02,3.386157e+00,-9.507605e-02,3.466692e-01
1.858668750037367e-03,-6.114969e-02,3.388926e+00,-9.790152e-02,3.490811e-01
1.867736830394509e-03,-6.230414e-02,3.386735e+00,-9.953190e-02,3.466168e-01
1.876804910751652e-03,-6.266829e-02,3.380307e+00,-9.990721e-02,3.400453e-01
1.885872991108795e-03,-6.224215e-02,3.369640e+00,-9.902745e-02,3.293664e-01
1.894941071465937e-03,-6.102572e-02,3.354735e+00,-9.689262e-02,3.145801e-01
1.904009151823080e-03,-5.901901e-02,3.335591e+00,-9.350274e-02,2.956865e-01
1.913077232180223e-03,-5.622200e-02,3.312210e+00,-8.885778e-02,2.726855e-01
1.922145312537365e-03,-5.263470e-02,3.284590e+00,-8.295776e-02,2.455772e-01
1.927376897358794e-03,-5.025044e-02,3.267215e+00,-7.905979e-02,2.285665e-01
1.932608482180222e-03,-4.767957e-02,3.249008e+00,-7.486925e-02,2.107711e-01
1.937840067001651e-03,-4.492211e-02,3.229970e+00,-7.038614e-02,1.921908e-01
1.943071651823079e-03,-4.197804e-02,3.210100e+00,-6.561045e-02,1.728257e-01
1.948303236644508e-03,-3.884736e-02,3.189397e+00,-6.054219e-02,1.526758e-01
1.953534821465936e-03,-3.553009e-02,3.167863e+00,-5.518136e-02,1.317410e-01
1.958766406287365e-03,-3.202621e-02,3.145497e+00,-4.952796e-02,1.100215e-01
1.961207812537365e-03,-3.035426e-02,3.134952e+00,-4.683325e-02,9.979404e-02
1.963649218787365e-03,-2.865791e-02,3.124329e+00,-4.410100e-02,8.949843e-02
1.966090625037365e-03,-2.693717e-02,3.113629e+00,-4.133121e-02,7.913466e-02
1.968532031287364e-03,-2.519204e-02,3.102851e+00,-3.852387e-02,6.870275e-02
1.970973437537364e-03,-2.342252e-02,3.091994e+00,-3.567899e-02,5.820268e-02
1.973414843787364e-03,-2.162860e-02,3.081060e+00,-3.279657e-02,4.763446e-02
1.975856250037364e-03,-1.981029e-02,3.070049e+00,-2.987660e-02,3.699810e-02
1.983180468787364e-03,-1.426355e-02,3.036880e+00,-2.097903e-02,5.008785e-03
1.990504687537364e-03,-8.597121e-03,3.003615e+00,-1.190387e-02,-2.699834e-02
1.993643638430221e-03,-6.134289e-03,2.989345e+00,-7.963824e-03,-4.070568e-02
1.996782589323078e-03,-3.671653e-03,2.975186e+00,-4.026692e-03,-5.429018e-02
1.999921540215935e-03,-1.209213e-03,2.961140e+00,-9.246859e-05,-6.775183e-02
2.003060491108792e-03,1.253031e-03,2.947206e+00,3.838845e-03,-8.109065e-02
2.006199442001649e-03,3.715078e-03,2.933385e+00,7.767248e-03,-9.430663e-02
2.009338392894506e-03,6.176930e-03,2.919675e+00,1.169274e-02,-1.073998e-01
2.012477343787364e-03,8.638585e-03,2.906077e+00,1.561533e-02,-1.203701e-01
2.017360156287363e-03,1.245860e-02,2.885209e+00,2.169699e-02,-1.402375e-01
2.022242968787363e-03,1.619729e-02,2.865061e+00,2.764257e-02,-1.593833e-01
2.027125781287363e-03,1.985468e-02,2.845633e+00,3.345205e-02,-1.778074e-01
2.032008593787363e-03,2.343075e-02,2.826925e+00,3.912544e-02,-1.955097e-01
2.036891406287363e-03,2.692550e-02,2.808936e+00,4.466274e-02,-2.124903e-01
2.041774218787363e-03,3.033894e-02,2.791668e+00,5.006395e-02,-2.287492e-01
2.046657031287363e-03,3.367107e-02,2.775119e+00,5.532907e-02,-2.442864e-01
2.054678794680220e-03,3.891142e-02,2.749887e+00,6.358998e-02,-2.678457e-01
2.062700558073077e-03,4.365204e-02,2.727968e+00,7.104050e-02,-2.882590e-01
2.070722321465934e-03,4.789294e-02,2.709361e+00,7.768062e-02,-3.055261e-01
2.078744084858791e-03,5.163410e-02,2.694067e+00,8.351034e-02,-3.196471e-01
2.086765848251648e-03,5.487553e-02,2.682085e+00,8.852966e-02,-3.306221e-01
2.094787611644504e-03,5.761724e-02,2.673415e+00,9.273858e-02,-3.384509e-01
2.102809375037362e-03,5.985921e-02,2.668057e+00,9.613711e-02,-3.431336e-01
2.111877455394504e-03,6.154928e-02,2.667218e+00,9.861836e-02,-3.436563e-01
2.120945535751647e-03,6.244315e-02,2.670816e+00,9.982984e-02,-3.400152e-01
2.130013616108789e-03,6.254083e-02,2.678851e+00,9.977156e-02,-3.322102e-01
2.139081696465932e-03,6.184230e-02,2.691322e+00,9.844352e-02,-3.202414e-01
2.148149776823075e-03,6.034757e-02,2.708229e+00,9.584570e-02,-3.041088e-01
2.157217857180218e-03,5.805664e-02,2.729573e+00,9.197812e-02,-2.838123e-01
2.166285937537360e-03,5.496951e-02,2.755353e+00,8.684077e-02,-2.593520e-01
2.171866294680217e-03,5.269827e-02,2.772963e+00,8.309561e-02,-2.425965e-01
2.177446651823074e-03,5.020165e-02,2.791583e+00,7.899749e-02,-2.248550e-01
2.183027008965931e-03,4.747964e-02,2.811213e+00,7.454641e-02,-2.061274e-01
2.188607366108788e-03,4.453223e-02,2.831854e+00,6.974237e-02,-1.864137e-01
2.194187723251645e-03,4.135944e-02,2.853506e+00,6.458537e-02,-1.657140e-01
2.199768080394502e-03,3.796127e-02,2.876167e+00,5.907540e-02,-1.440283e-01
2.205348437537359e-03,3.433770e-02,2.899840e+00,5.321247e-02,-1.213565e-01
2.208138616108788e-03,3.247409e-02,2.911822e+00,5.020208e-02,-1.098677e-01
2.210928794680217e-03,3.057639e-02,2.923908e+00,4.713959e-02,-9.827434e-02
2.213718973251645e-03,2.864459e-02,2.936096e+00,4.402498e-02,-8.657651e-02
2.216509151823073e-03,2.667870e-02,2.948387e+00,4.085826e-02,-7.477420e-02
2.219299330394502e-03,2.467872e-02,2.960782e+00,3.763944e-02,-6.286740e-02
2.222089508965931e-03,2.264464e-02,2.973279e+00,3.436850e-02,-5.085611e-02
2.224879687537359e-03,2.057647e-02,2.985879e+00,3.104545e-02,-3.874034e-02
2.229762500037359e-03,1.690817e-02,3.007971e+00,2.515795e-02,-1.748666e-02
2.231506361644502e-03,1.558020e-02,3.015890e+00,2.302858e-02,-9.863635e-03
2.233250223251645e-03,1.424630e-02,3.023805e+00,2.089073e-02,-2.243756e-03
2.234994084858787e-03,1.290648e-02,3.031715e+00,1.874439e-02,5.372974e-03
2.236737946465930e-03,1.156073e-02,3.039620e+00,1.658958e-02,1.298656e-02
2.238481808073073e-03,1.020905e-02,3.047520e+00,1.442629e-02,2.059699e-02
2.240225669680216e-03,8.851448e-03,3.055415e+00,1.225452e-02,2.820427e-02
2.241969531287359e-03,7.487919e-03,3.063306e+00,1.007427e-02,3.580841e-02
2.244759709858787e-03,5.294790e-03,3.075913e+00,6.569619e-03,4.796215e-02
2.247549888430216e-03,3.101767e-03,3.088421e+00,3.067650e-03,6.002190e-02
2.250340067001644e-03,9.088483e-04,3.100828e+00,-4.316432e-04,7.198765e-02
2.253130245573073e-03,-1.283965e-03,3.113136e+00,-3.928260e-03,8.385941e-02
2.255920424144501e-03,-3.476672e-03,3.125343e+00,-7.422199e-03,9.563717e-02
2.258710602715930e-03,-5.669274e-03,3.137451e+00,-1.091346e-02,1.073209e-01
2.261500781287358e-03,-7.861771e-03,3.149459e+00,-1.440205e-02,1.189107e-01
2.266383593787358e-03,-1.169667e-02,3.170208e+00,-2.049753e-02,1.389434e-01
2.271266406287358e-03,-1.545327e-02,3.190237e+00,-2.646121e-02,1.582803e-01
2.276149218787358e-03,-1.913157e-02,3.209548e+00,-3.229310e-02,1.769214e-01
2.281032031287358e-03,-2.273158e-02,3.228139e+00,-3.799319e-02,1.948668e-01
2.285914843787358e-03,-2.625328e-02,3.246012e+00,-4.356149e-02,2.121165e-01
2.290797656287358e-03,-2.969669e-02,3.263165e+00,-4.899799e-02,2.286703e-01
2.295680468787357e-03,-3.306181e-02,3.279599e+00,-5.430270e-02,2.445284e-01
2.303353459858786e-03,-3.813325e-02,3.303600e+00,-6.227834e-02,2.676737e-01
2.311026450930214e-03,-4.275498e-02,3.324663e+00,-6.952705e-02,2.879537e-01
2.318699442001643e-03,-4.692698e-02,3.342789e+00,-7.604882e-02,3.053685e-01
2.326372433073071e-03,-5.064927e-02,3.357976e+00,-8.184365e-02,3.199180e-01
2.334045424144499e-03,-5.392183e-02,3.370226e+00,-8.691155e-02,3.316022e-01
2.341718415215928e-03,-5.674467e-02,3.379539e+00,-9.125251e-02,3.404212e-01
2.349391406287356e-03,-5.911779e-02,3.385913e+00,-9.486654e-02,3.463749e-01
2.359157031287356e-03,-6.122424e-02,3.388514e+00,-9.800087e-02,3.485546e-01
2.368922656287356e-03,-6.240564e-02,3.386067e+00,-9.966408e-02,3.458347e-01
2.378688281287356e-03,-6.266197e-02,3.378572e+00,-9.985617e-02,3.382151e-01
2.388453906287356e-03,-6.199324e-02,3.366028e+00,-9.857714e-02,3.256958e-01
2.398219531287355e-03,-6.039946e-02,3.348436e+00,-9.582699e-02,3.082768e-01
2.407985156287355e-03,-5.788060e-02,3.325795e+00,-9.160573e-02,2.859582e-01
2.417750781287355e-03,-5.443669e-02,3.298106e+00,-8.591335e-02,2.587398e-01
2.422982366108783e-03,-5.224445e-02,3.281667e+00,-8.231822e-02,2.426249e-01
2.428213950930212e-03,-4.985513e-02,3.264326e+00,-7.841357e-02,2.256555e-01
2.433445535751640e-03,-4.726872e-02,3.246084e+00,-7.419939e-02,2.078316e-01
2.438677120573069e-03,-4.448522e-02,3.226939e+00,-6.967569e-02,1.891534e-01
2.443908705394497e-03,-4.150464e-02,3.206894e+00,-6.484247e-02,1.696207e-01
2.449140290215926e-03,-3.832697e-02,3.185946e+00,-5.969972e-02,1.492335e-01
2.454371875037354e-03,-3.495221e-02,3.164098e+00,-5.424745e-02,1.279919e-01
2.456813281287354e-03,-3.333952e-02,3.153788e+00,-5.164502e-02,1.179819e-01
2.459603459858782e-03,-3.145216e-02,3.141821e+00,-4.860168e-02,1.063698e-01
2.462393638430211e-03,-2.953232e-02,3.129749e+00,-4.550828e-02,9.466494e-02
2.465183817001640e-03,-2.757998e-02,3.117571e+00,-4.236483e-02,8.286713e-02
2.467973995573068e-03,-2.559515e-02,3.105288e+00,-3.917132e-02,7.097643e-02
2.470764174144496e-03,-2.357783e-02,3.092899e+00,-3.592776e-02,5.899282e-02
2.473554352715925e-03,-2.152802e-02,3.080405e+00,-3.263414e-02,4.691632e-02
2.476344531287354e-03,-1.944571e-02,3.067805e+00,-2.929047e-02,3.474692e-02
2.483668750037353e-03,-1.388950e-02,3.034621e+00,-2.037870e-02,2.749050e-03
2.490992968787353e-03,-8.216776e-03,3.001362e+00,-1.129442e-02,-2.924815e-02
2.498317187537353e-03,-2.475654e-03,2.968304e+00,-2.114527e-03,-6.097254e-02
2.500000000000000e-03,-1.152156e-03,2.960758e+00,-1.224647e-16,-6.820435e-02
