Freq.,Vvo1/IbQ2, Degree
1.00000000000000e+000,1.16490569668636e+002,-8.07065531688324e+000
1.02329299228075e+000,1.16482922869730e+002,-8.25100174298957e+000
1.04712854805090e+000,1.16474933283203e+002,-8.43502258897019e+000
1.07151930523761e+000,1.16466586374182e+002,-8.62276816973027e+000
1.09647819614318e+000,1.16457867060288e+002,-8.81428770968767e+000
1.12201845430196e+000,1.16448759715688e+002,-9.00962921727685e+000
1.14815362149688e+000,1.16439248143404e+002,-9.20883929181887e+000
1.17489755493953e+000,1.16429315569607e+002,-9.41196296000693e+000
1.20226443461741e+000,1.16418944627642e+002,-9.61904347739557e+000
1.23026877081238e+000,1.16408117352211e+002,-9.83012218211995e+000
1.25892541179417e+000,1.16396815171859e+002,-1.00452381992436e+001
1.28824955169313e+000,1.16385018890103e+002,-1.02644283110555e+001
1.31825673855641e+000,1.16372708680037e+002,-1.04877266698407e+001
1.34896288259165e+000,1.16359864080593e+002,-1.07151645732255e+001
1.38038426460288e+000,1.16346463993040e+002,-1.09467702307395e+001
1.41253754462275e+000,1.16332486669858e+002,-1.11825684669264e+001
1.44543977074593e+000,1.16317909707861e+002,-1.14225804810076e+001
1.47910838816821e+000,1.16302710070875e+002,-1.16668235256534e+001
1.51356124843621e+000,1.16286864056371e+002,-1.19153106254577e+001
1.54881661891248e+000,1.16270347324347e+002,-1.21680502672050e+001
1.58489319246111e+000,1.16253134890795e+002,-1.24250460645700e+001
1.62181009735893e+000,1.16235201139858e+002,-1.26862964421490e+001
1.65958690743756e+000,1.16216519831379e+002,-1.29517942828693e+001
1.69824365246174e+000,1.16197064121549e+002,-1.32215265911977e+001
1.73780082874937e+000,1.16176806568035e+002,-1.34954741037696e+001
1.77827941003892e+000,1.16155719157701e+002,-1.37736109458461e+001
1.81970085860998e+000,1.16133773332627e+002,-1.40559042542668e+001
1.86208713666287e+000,1.16110940002778e+002,-1.43423137708555e+001
1.90546071796325e+000,1.16087189598535e+002,-1.46327914980601e+001
1.94984459975804e+000,1.16062492086041e+002,-1.49272812625792e+001
1.99526231496888e+000,1.16036817027109e+002,-1.52257183900295e+001
2.04173794466953e+000,1.16010133599145e+002,-1.55280292289515e+001
2.08929613085404e+000,1.15982410670484e+002,-1.58341308582523e+001
2.13796208950223e+000,1.15953616835602e+002,-1.61439306385871e+001
2.18776162394955e+000,1.15923720478888e+002,-1.64573258540451e+001
2.23872113856834e+000,1.15892689842841e+002,-1.67742033719155e+001
2.29086765276777e+000,1.15860493099977e+002,-1.70944392712477e+001
2.34422881531992e+000,1.15827098412972e+002,-1.74178984967285e+001
2.39883291901949e+000,1.15792474032223e+002,-1.77444345638237e+001
2.45470891568503e+000,1.15756588372791e+002,-1.80738892524161e+001
2.51188643150958e+000,1.15719410110029e+002,-1.84060923446623e+001
2.57039578276886e+000,1.15680908263441e+002,-1.87408613555618e+001
2.63026799189538e+000,1.15641052311673e+002,-1.90780013443694e+001
2.69153480392691e+000,1.15599812290637e+002,-1.94173047323059e+001
2.75422870333816e+000,1.15557158910492e+002,-1.97585511790887e+001
2.81838293126445e+000,1.15513063663269e+002,-2.01015074589759e+001
2.88403150312660e+000,1.15467498942846e+002,-2.04459274301814e+001
2.95120922666638e+000,1.15420438173357e+002,-2.07915520335949e+001
3.01995172040201e+000,1.15371855921622e+002,-2.11381093188138e+001
3.09029543251359e+000,1.15321728044892e+002,-2.14853146030553e+001
3.16227766016837e+000,1.15270031796003e+002,-2.18328705604580e+001
3.23593656929628e+000,1.15216745977541e+002,-2.21804675082503e+001
3.31131121482591e+000,1.15161851060618e+002,-2.25277836589649e+001
3.38844156139202e+000,1.15105329314980e+002,-2.28744854622895e+001
3.46736850452531e+000,1.15047164948608e+002,-2.32202280502450e+001
3.54813389233575e+000,1.14987344232310e+002,-2.35646556796641e+001
3.63078054770101e+000,1.14925855626155e+002,-2.39074023067265e+001
3.71535229097172e+000,1.14862689905341e+002,-2.42480921821613e+001
3.80189396320560e+000,1.14797840273228e+002,-2.45863405173028e+001
3.89045144994280e+000,1.14731302482910e+002,-2.49217542501742e+001
3.98107170553496e+000,1.14663074947050e+002,-2.52539328503623e+001
4.07380277804112e+000,1.14593158828777e+002,-2.55824691497269e+001
4.16869383470335e+000,1.14521558146131e+002,-2.59069502973892e+001
4.26579518801592e+000,1.14448279856280e+002,-2.62269587342973e+001
4.36515832240165e+000,1.14373333923709e+002,-2.65420731825990e+001
4.46683592150962e+000,1.14296733401785e+002,-2.68518697734738e+001
4.57088189614874e+000,1.14218494479012e+002,-2.71559231293378e+001
4.67735141287197e+000,1.14138636530106e+002,-2.74538075232495e+001
4.78630092322637e+000,1.14057182141826e+002,-2.77450980350342e+001
4.89778819368445e+000,1.13974157149059e+002,-2.80293718046845e+001
5.01187233627271e+000,1.13889590633581e+002,-2.83062092167149e+001
5.12861383991364e+000,1.13803514930395e+002,-2.85751951646107e+001
5.24807460249771e+000,1.13715965605608e+002,-2.88359202691656e+001
5.37031796370252e+000,1.13626981437737e+002,-2.90879821567427e+001
5.49540873857623e+000,1.13536604368812e+002,-2.93309866564833e+001
5.62341325190348e+000,1.13444879462944e+002,-2.95645490691487e+001
5.75439937337156e+000,1.13351854831122e+002,-2.97882953395265e+001
5.88843655355588e+000,1.13257581560183e+002,-3.00018632483780e+001
6.02559586074356e+000,1.13162113624176e+002,-3.02049035777659e+001
6.16595001861481e+000,1.13065507785591e+002,-3.03970812220595e+001
6.30957344480192e+000,1.12967823480649e+002,-3.05780762480633e+001
6.45654229034654e+000,1.12869122698449e+002,-3.07475849309611e+001
6.60693448007594e+000,1.12769469862548e+002,-3.09053207849357e+001
6.76082975391980e+000,1.12668931667562e+002,-3.10510153906371e+001
6.91830970918935e+000,1.12567576951208e+002,-3.11844193550861e+001
7.07945784384136e+000,1.12465476529418e+002,-3.13053030817699e+001
7.24435960074988e+000,1.12362703030104e+002,-3.14134575109174e+001
7.41310241300916e+000,1.12259330726549e+002,-3.15086948096751e+001
7.58577575029182e+000,1.12155435354951e+002,-3.15908489609436e+001
7.76247116628690e+000,1.12051093938129e+002,-3.16597763210971e+001
7.94328234724279e+000,1.11946384599134e+002,-3.17153560894352e+001
8.12830516164097e+000,1.11841386364096e+002,-3.17574906696726e+001
8.31763771102669e+000,1.11736178973703e+002,-3.17861060054320e+001
8.51138038202374e+000,1.11630842686906e+002,-3.18011518252252e+001
8.70963589956078e+000,1.11525458077497e+002,-3.18026017726607e+001
8.91250938133743e+000,1.11420105842310e+002,-3.17904535340025e+001
9.12010839355907e+000,1.11314866600033e+002,-3.17647288326507e+001
9.33254300796988e+000,1.11209820681758e+002,-3.17254733158785e+001
9.54992586021433e+000,1.11105047950534e+002,-3.16727564871741e+001
9.77237220955808e+000,1.11000627588076e+002,-3.16066714138887e+001
9.99999999999997e+000,1.10896637911484e+002,-3.15273344671025e+001
1.02329299228075e+001,1.10793156171448e+002,-3.14348849055328e+001
1.04712854805090e+001,1.10690258379903e+002,-3.13294844927574e+001
1.07151930523760e+001,1.10588019109223e+002,-3.12113168957788e+001
1.09647819614318e+001,1.10486511328883e+002,-3.10805871521441e+001
1.12201845430196e+001,1.10385806225572e+002,-3.09375209768394e+001
1.14815362149688e+001,1.10285973036342e+002,-3.07823640241240e+001
1.17489755493953e+001,1.10187078898392e+002,-3.06153811254799e+001
1.20226443461741e+001,1.10089188690668e+002,-3.04368554008452e+001
1.23026877081238e+001,1.09992364894726e+002,-3.02470873557992e+001
1.25892541179416e+001,1.09896667463505e+002,-3.00463939143829e+001
1.28824955169313e+001,1.09802153695685e+002,-2.98351073901770e+001
1.31825673855640e+001,1.09708878124037e+002,-2.96135744231906e+001
1.34896288259165e+001,1.09616892414578e+002,-2.93821548738476e+001
1.38038426460288e+001,1.09526245274418e+002,-2.91412206706987e+001
1.41253754462275e+001,1.09436982371427e+002,-2.88911546307116e+001
1.44543977074592e+001,1.09349146271568e+002,-2.86323492722119e+001
1.47910838816820e+001,1.09262776381894e+002,-2.83652055819993e+001
1.51356124843620e+001,1.09177908904461e+002,-2.80901317636759e+001
1.54881661891248e+001,1.09094576817390e+002,-2.78075420404084e+001
1.58489319246111e+001,1.09012809844036e+002,-2.75178553507110e+001
1.62181009735892e+001,1.08932634460197e+002,-2.72214941562968e+001
1.65958690743755e+001,1.08854073894969e+002,-2.69188831860550e+001
1.69824365246174e+001,1.08777148156361e+002,-2.66104482472287e+001
1.73780082874937e+001,1.08701874056698e+002,-2.62966150108605e+001
1.77827941003892e+001,1.08628265264461e+002,-2.59778078891332e+001
1.81970085860998e+001,1.08556332351640e+002,-2.56544488821210e+001
1.86208713666286e+001,1.08486082862769e+002,-2.53269565149911e+001
1.90546071796324e+001,1.08417521391487e+002,-2.49957448042848e+001
1.94984459975804e+001,1.08350649658269e+002,-2.46612222492368e+001
1.99526231496887e+001,1.08285466609656e+002,-2.43237909238757e+001
2.04173794466952e+001,1.08221968515891e+002,-2.39838455875602e+001
2.08929613085403e+001,1.08160149077427e+002,-2.36417728709872e+001
2.13796208950222e+001,1.08099999539364e+002,-2.32979505241512e+001
2.18776162394954e+001,1.08041508808429e+002,-2.29527467231278e+001
2.23872113856833e+001,1.07984663579471e+002,-2.26065194554709e+001
2.29086765276776e+001,1.07929448456234e+002,-2.22596159494408e+001
2.34422881531991e+001,1.07875846083625e+002,-2.19123721872208e+001
2.39883291901948e+001,1.07823837278547e+002,-2.15651124856089e+001
2.45470891568502e+001,1.07773401158451e+002,-2.12181491223116e+001
2.51188643150957e+001,1.07724515276664e+002,-2.08717820514053e+001
2.57039578276885e+001,1.07677155751667e+002,-2.05262986625758e+001
2.63026799189537e+001,1.07631297399725e+002,-2.01819736148162e+001
2.69153480392690e+001,1.07586913856641e+002,-1.98390687025082e+001
2.75422870333815e+001,1.07543977713304e+002,-1.94978328210390e+001
2.81838293126444e+001,1.07502460628691e+002,-1.91585019310092e+001
2.88403150312659e+001,1.07462333458043e+002,-1.88212991245632e+001
2.95120922666637e+001,1.07423566361192e+002,-1.84864346915363e+001
3.01995172040200e+001,1.07386128918438e+002,-1.81541062632903e+001
3.09029543251358e+001,1.07349990235152e+002,-1.78244989728155e+001
3.16227766016837e+001,1.07315119044623e+002,-1.74977856653252e+001
3.23593656929627e+001,1.07281483805089e+002,-1.71741271334347e+001
3.31131121482590e+001,1.07249052791097e+002,-1.68536723833159e+001
3.38844156139201e+001,1.07217794180604e+002,-1.65365589250542e+001
3.46736850452530e+001,1.07187676135225e+002,-1.62229130881503e+001
3.54813389233574e+001,1.07158666876510e+002,-1.59128503514922e+001
3.63078054770100e+001,1.07130734759026e+002,-1.56064757004344e+001
3.71535229097171e+001,1.07103848330079e+002,-1.53038839745503e+001
3.80189396320559e+001,1.07077976395835e+002,-1.50051602553420e+001
3.89045144994279e+001,1.07053088073465e+002,-1.47103802361187e+001
3.98107170553495e+001,1.07029152841767e+002,-1.44196106118716e+001
4.07380277804111e+001,1.07006140584500e+002,-1.41329094643027e+001
4.16869383470333e+001,1.06984021635599e+002,-1.38503266571261e+001
4.26579518801591e+001,1.06962766810907e+002,-1.35719042192672e+001
4.36515832240164e+001,1.06942347442891e+002,-1.32976767322068e+001
4.46683592150961e+001,1.06922735409299e+002,-1.30276717191830e+001
4.57088189614873e+001,1.06903903154334e+002,-1.27619100109338e+001
4.67735141287196e+001,1.06885823711340e+002,-1.25004061241358e+001
4.78630092322636e+001,1.06868470722291e+002,-1.22431686218198e+001
4.89778819368444e+001,1.06851818444393e+002,-1.19902004626440e+001
5.01187233627270e+001,1.06835841770368e+002,-1.17414993549239e+001
5.12861383991362e+001,1.06820516230103e+002,-1.14970580795306e+001
5.24807460249770e+001,1.06805818000657e+002,-1.12568648247061e+001
5.37031796370250e+001,1.06791723906124e+002,-1.10209034949895e+001
5.49540873857622e+001,1.06778211421670e+002,-1.07891540061889e+001
5.62341325190346e+001,1.06765258671036e+002,-1.05615925894278e+001
5.75439937337154e+001,1.06752844425476e+002,-1.03381920561760e+001
5.88843655355586e+001,1.06740948097740e+002,-1.01189220703482e+001
6.02559586074355e+001,1.06729549738179e+002,-9.90374940894272e+000
6.16595001861479e+001,1.06718630027612e+002,-9.69263819670956e+000
6.30957344480190e+001,1.06708170268555e+002,-9.48555014251522e+000
6.45654229034652e+001,1.06698152376100e+002,-9.28244475773976e+000
6.60693448007593e+001,1.06688558866680e+002,-9.08327956795496e+000
6.76082975391978e+001,1.06679372852360e+002,-8.88801031247106e+000
6.91830970918933e+001,1.06670578022154e+002,-8.69659113017436e+000
7.07945784384134e+001,1.06662158634053e+002,-8.50897473096440e+000
7.24435960074986e+001,1.06654099503923e+002,-8.32511257869308e+000
7.41310241300914e+001,1.06646385986952e+002,-8.14495502989067e+000
7.58577575029180e+001,1.06639003971578e+002,-7.96845149924898e+000
7.76247116628688e+001,1.06631939859261e+002,-7.79555058732097e+000
7.94328234724277e+001,1.06625180555425e+002,-7.62620021521193e+000
8.12830516164095e+001,1.06618713453852e+002,-7.46034774764575e+000
8.31763771102667e+001,1.06612526421798e+002,-7.29794010282875e+000
8.51138038202372e+001,1.06606607789235e+002,-7.13892386649400e+000
8.70963589956076e+001,1.06600946331292e+002,-6.98324538050814e+000
8.91250938133741e+001,1.06595531258445e+002,-6.83085084703911e+000
9.12010839355905e+001,1.06590352197826e+002,-6.68168640806520e+000
9.33254300796986e+001,1.06585399186018e+002,-6.53569822166826e+000
9.54992586021431e+001,1.06580662651640e+002,-6.39283254455366e+000
9.77237220955805e+001,1.06576133400657e+002,-6.25303578751702e+000
9.99999999999995e+001,1.06571802610188e+002,-6.11625459094547e+000
1.02329299228075e+002,1.06567661807674e+002,-5.98243587518209e+000
1.04712854805089e+002,1.06563702864497e+002,-5.85152689012050e+000
1.07151930523760e+002,1.06559917983420e+002,-5.72347527734840e+000
1.09647819614318e+002,1.06556299680622e+002,-5.59822909123824e+000
1.12201845430196e+002,1.06552840783251e+002,-5.47573686327136e+000
1.14815362149688e+002,1.06549534411281e+002,-5.35594762072124e+000
1.17489755493952e+002,1.06546373970776e+002,-5.23881092975983e+000
1.20226443461741e+002,1.06543353139149e+002,-5.12427691905551e+000
1.23026877081237e+002,1.06540465857752e+002,-5.01229630887971e+000
1.25892541179416e+002,1.06537706322787e+002,-4.90282043299411e+000
1.28824955169313e+002,1.06535068972415e+002,-4.79580126596104e+000
1.31825673855640e+002,1.06532548477341e+002,-4.69119142831631e+000
1.34896288259165e+002,1.06530139736354e+002,-4.58894421798342e+000
1.38038426460288e+002,1.06527837862048e+002,-4.48901360900787e+000
1.41253754462275e+002,1.06525638174850e+002,-4.39135427821163e+000
1.44543977074592e+002,1.06523536195768e+002,-4.29592160471999e+000
1.47910838816820e+002,1.06521527634047e+002,-4.20267168391215e+000
1.51356124843620e+002,1.06519608385147e+002,-4.11156132814925e+000
1.54881661891247e+002,1.06517774519194e+002,-4.02254808240696e+000
1.58489319246110e+002,1.06516022275573e+002,-3.93559021309667e+000
1.62181009735892e+002,1.06514348055651e+002,-3.85064671953150e+000
1.65958690743755e+002,1.06512748414903e+002,-3.76767734108255e+000
1.69824365246173e+002,1.06511220059333e+002,-3.68664254617457e+000
1.73780082874936e+002,1.06509759837365e+002,-3.60750354095971e+000
1.77827941003891e+002,1.06508364731636e+002,-3.53022225365566e+000
1.81970085860997e+002,1.06507031860553e+002,-3.45476135379470e+000
1.86208713666286e+002,1.06505758463195e+002,-3.38108422623056e+000
1.90546071796323e+002,1.06504541900801e+002,-3.30915498403401e+000
1.94984459975803e+002,1.06503379650225e+002,-3.23893845468024e+000
1.99526231496887e+002,1.06502269299115e+002,-3.17040018013056e+000
2.04173794466952e+002,1.06501208537795e+002,-3.10350641290358e+000
2.08929613085403e+002,1.06500195160831e+002,-3.03822409898328e+000
2.13796208950222e+002,1.06499227058412e+002,-2.97452088441697e+000
2.18776162394954e+002,1.06498302211254e+002,-2.91236510201072e+000
2.23872113856832e+002,1.06497418692732e+002,-2.85172576364237e+000
2.29086765276776e+002,1.06496574657402e+002,-2.79257256672474e+000
2.34422881531991e+002,1.06495768342465e+002,-2.73487585577620e+000
2.39883291901947e+002,1.06494998062987e+002,-2.67860664640355e+000
2.45470891568501e+002,1.06494262208236e+002,-2.62373660040497e+000
2.51188643150956e+002,1.06493559238057e+002,-2.57023803074172e+000
2.57039578276885e+002,1.06492887679301e+002,-2.51808387369256e+000
2.63026799189536e+002,1.06492246124548e+002,-2.46724769604333e+000
2.69153480392690e+002,1.06491633231295e+002,-2.41770368475398e+000
2.75422870333815e+002,1.06491047712065e+002,-2.36942663064999e+000
2.81838293126443e+002,1.06490488338092e+002,-2.32239193414099e+000
2.88403150312659e+002,1.06489953935064e+002,-2.27657558359373e+000
2.95120922666637e+002,1.06489443381002e+002,-2.23195415091668e+000
3.01995172040200e+002,1.06488955601918e+002,-2.18850478509961e+000
3.09029543251357e+002,1.06488489573109e+002,-2.14620520216431e+000
3.16227766016836e+002,1.06488044314016e+002,-2.10503368163229e+000
3.23593656929626e+002,1.06487618888012e+002,-2.06496904947449e+000
3.31131121482589e+002,1.06487212399045e+002,-2.02599067813332e+000
3.38844156139200e+002,1.06486823992448e+002,-1.98807847157647e+000
3.46736850452529e+002,1.06486452848382e+002,-1.95121286660807e+000
3.54813389233573e+002,1.06486098185946e+002,-1.91537481288213e+000
3.63078054770099e+002,1.06485759257316e+002,-1.88054577733631e+000
3.71535229097170e+002,1.06485435348854e+002,-1.84670772660525e+000
3.80189396320558e+002,1.06485125775812e+002,-1.81384312633042e+000
3.89045144994278e+002,1.06484829885990e+002,-1.78193492657621e+000
3.98107170553494e+002,1.06484547055669e+002,-1.75096656888767e+000
4.07380277804110e+002,1.06484276687827e+002,-1.72092196119273e+000
4.16869383470332e+002,1.06484018210911e+002,-1.69178548336924e+000
4.26579518801589e+002,1.06483771079825e+002,-1.66354197062471e+000
4.36515832240163e+002,1.06483534772817e+002,-1.63617672125532e+000
4.46683592150960e+002,1.06483308789160e+002,-1.60967547155715e+000
4.57088189614872e+002,1.06483092654709e+002,-1.58402440870361e+000
4.67735141287195e+002,1.06482885908991e+002,-1.55921014736118e+000
4.78630092322635e+002,1.06482688117256e+002,-1.53521973656043e+000
4.89778819368443e+002,1.06482498861356e+002,-1.51204064404856e+000
5.01187233627268e+002,1.06482317740891e+002,-1.48966075656517e+000
5.12861383991361e+002,1.06482144372363e+002,-1.46806837686954e+000
5.24807460249769e+002,1.06481978390011e+002,-1.44725220851427e+000
5.37031796370249e+002,1.06481819442368e+002,-1.42720136068940e+000
5.49540873857620e+002,1.06481667193155e+002,-1.40790533388072e+000
5.62341325190345e+002,1.06481521319037e+002,-1.38935402098399e+000
5.75439937337152e+002,1.06481381513465e+002,-1.37153770717799e+000
5.88843655355584e+002,1.06481247479467e+002,-1.35444705024853e+000
6.02559586074353e+002,1.06481118935080e+002,-1.33807309728471e+000
6.16595001861477e+002,1.06480995605033e+002,-1.32240724945280e+000
6.30957344480188e+002,1.06480877231477e+002,-1.30744130002081e+000
6.45654229034650e+002,1.06480763561216e+002,-1.29316739085538e+000
6.60693448007591e+002,1.06480654354425e+002,-1.27957802868825e+000
6.76082975391976e+002,1.06480549380585e+002,-1.26666608492786e+000
6.91830970918931e+002,1.06480448417045e+002,-1.25442477633950e+000
7.07945784384132e+002,1.06480351249583e+002,-1.24284767352734e+000
7.24435960074984e+002,1.06480257673001e+002,-1.23192869594200e+000
7.41310241300911e+002,1.06480167488825e+002,-1.22166211110151e+000
7.58577575029177e+002,1.06480080506584e+002,-1.21204252169713e+000
7.76247116628685e+002,1.06479996540077e+002,-1.20306487201559e+000
7.94328234724275e+002,1.06479915413117e+002,-1.19472444809001e+000
8.12830516164092e+002,1.06479836953076e+002,-1.18701686475137e+000
8.31763771102664e+002,1.06479760995464e+002,-1.17993807400831e+000
8.51138038202369e+002,1.06479687376375e+002,-1.17348435404802e+000
8.70963589956073e+002,1.06479615942935e+002,-1.16765231965204e+000
8.91250938133738e+002,1.06479546540256e+002,-1.16243889973555e+000
9.12010839355902e+002,1.06479479024989e+002,-1.15784136361056e+000
9.33254300796983e+002,1.06479413251268e+002,-1.15385729262163e+000
9.54992586021428e+002,1.06479349081144e+002,-1.15048459891880e+000
9.77237220955802e+002,1.06479286377682e+002,-1.14772151595768e+000
9.99999999999991e+002,1.06479225008631e+002,-1.14556659491163e+000
1.02329299228075e+003,1.06479164843947e+002,-1.14401871027337e+000
1.04712854805089e+003,1.06479105755440e+002,-1.14307705505368e+000
1.07151930523760e+003,1.06479047618562e+002,-1.14274114700601e+000
1.09647819614318e+003,1.06478990309972e+002,-1.14301081434299e+000
1.12201845430195e+003,1.06478933707292e+002,-1.14388621373139e+000
1.14815362149687e+003,1.06478877691121e+002,-1.14536781796983e+000
1.17489755493952e+003,1.06478822143245e+002,-1.14745641773625e+000
1.20226443461740e+003,1.06478766945593e+002,-1.15015313023544e+000
1.23026877081237e+003,1.06478711980482e+002,-1.15345938622118e+000
1.25892541179416e+003,1.06478657131437e+002,-1.15737694222821e+000
1.28824955169312e+003,1.06478602282734e+002,-1.16190787728296e+000
1.31825673855640e+003,1.06478547318386e+002,-1.16705459562759e+000
1.34896288259164e+003,1.06478492121873e+002,-1.17281982636492e+000
1.38038426460287e+003,1.06478436574720e+002,-1.17920662092410e+000
1.41253754462274e+003,1.06478380560886e+002,-1.18621836305040e+000
1.44543977074591e+003,1.06478323959869e+002,-1.19385876617294e+000
1.47910838816819e+003,1.06478266653122e+002,-1.20213187597001e+000
1.51356124843619e+003,1.06478208518770e+002,-1.21104207080708e+000
1.54881661891247e+003,1.06478149433485e+002,-1.22059406485400e+000
1.58489319246110e+003,1.06478089272502e+002,-1.23079291424497e+000
1.62181009735891e+003,1.06478027907854e+002,-1.24164401406162e+000
1.65958690743754e+003,1.06477965208207e+002,-1.25315310074684e+000
1.69824365246173e+003,1.06477901042655e+002,-1.26532626528250e+000
1.73780082874936e+003,1.06477835274793e+002,-1.27816994339902e+000
1.77827941003891e+003,1.06477767764114e+002,-1.29169092644873e+000
1.81970085860997e+003,1.06477698367609e+002,-1.30589636210028e+000
1.86208713666285e+003,1.06477626939916e+002,-1.32079376061389e+000
1.90546071796323e+003,1.06477553327241e+002,-1.33639099488800e+000
1.94984459975803e+003,1.06477477375769e+002,-1.35269630868207e+000
1.99526231496886e+003,1.06477398923585e+002,-1.36971831838449e+000
2.04173794466951e+003,1.06477317803715e+002,-1.38746601375699e+000
2.08929613085402e+003,1.06477233845092e+002,-1.40594877575898e+000
2.13796208950221e+003,1.06477146869864e+002,-1.42517636324910e+000
2.18776162394953e+003,1.06477056693657e+002,-1.44515893111347e+000
2.23872113856832e+003,1.06476963124966e+002,-1.46590703189962e+000
2.29086765276775e+003,1.06476865966877e+002,-1.48743161957258e+000
2.34422881531990e+003,1.06476765011718e+002,-1.50974405518648e+000
2.39883291901947e+003,1.06476660045589e+002,-1.53285611405055e+000
2.45470891568501e+003,1.06476550848401e+002,-1.55677999403104e+000
2.51188643150955e+003,1.06476437186950e+002,-1.58152831721943e+000
2.57039578276884e+003,1.06476318821300e+002,-1.60711413557391e+000
2.63026799189535e+003,1.06476195499837e+002,-1.63355094472635e+000
2.69153480392689e+003,1.06476066962643e+002,-1.66085268273356e+000
2.75422870333814e+003,1.06475932937670e+002,-1.68903374308099e+000
2.81838293126442e+003,1.06475793138980e+002,-1.71810897578403e+000
2.88403150312658e+003,1.06475647272632e+002,-1.74809370215841e+000
2.95120922666635e+003,1.06475495030107e+002,-1.77900371791720e+000
3.01995172040198e+003,1.06475336088460e+002,-1.81085530009197e+000
3.09029543251356e+003,1.06475170109881e+002,-1.84366521676490e+000
3.16227766016835e+003,1.06474996745432e+002,-1.87745073939296e+000
3.23593656929625e+003,1.06474815627506e+002,-1.91222964364217e+000
3.31131121482588e+003,1.06474626372745e+002,-1.94802022387766e+000
3.38844156139199e+003,1.06474428580190e+002,-1.98484129846877e+000
3.46736850452528e+003,1.06474221832645e+002,-2.02271222320343e+000
3.54813389233572e+003,1.06474005692112e+002,-2.06165289728502e+000
3.63078054770097e+003,1.06473779702570e+002,-2.10168377462293e+000
3.71535229097168e+003,1.06473543384861e+002,-2.14282587226674e+000
3.80189396320557e+003,1.06473296240374e+002,-2.18510078272466e+000
3.89045144994276e+003,1.06473037745911e+002,-2.22853068318529e+000
3.98107170553493e+003,1.06472767357487e+002,-2.27313834551063e+000
4.07380277804108e+003,1.06472484500916e+002,-2.31894714811112e+000
4.16869383470331e+003,1.06472188580144e+002,-2.36598108679811e+000
4.26579518801588e+003,1.06471878970232e+002,-2.41426478631562e+000
4.36515832240161e+003,1.06471555018182e+002,-2.46382351192755e+000
4.46683592150958e+003,1.06471216038341e+002,-2.51468317889870e+000
4.57088189614870e+003,1.06470861315433e+002,-2.56687036865007e+000
4.67735141287193e+003,1.06470490103520e+002,-2.62041233929026e+000
4.78630092322633e+003,1.06470101617073e+002,-2.67533703647289e+000
4.89778819368441e+003,1.06469695037324e+002,-2.73167310710113e+000
5.01187233627267e+003,1.06469269507982e+002,-2.78944991469133e+000
5.12861383991359e+003,1.06468824130875e+002,-2.84869754823779e+000
5.24807460249767e+003,1.06468357968278e+002,-2.90944683871932e+000
5.37031796370247e+003,1.06467870037879e+002,-2.97172937162874e+000
5.49540873857618e+003,1.06467359313037e+002,-3.03557750227649e+000
5.62341325190343e+003,1.06466824718327e+002,-3.10102436623639e+000
5.75439937337150e+003,1.06466265127873e+002,-3.16810389724639e+000
5.88843655355582e+003,1.06465679365671e+002,-3.23685083963746e+000
6.02559586074351e+003,1.06465066200990e+002,-3.30730076393969e+000
6.16595001861475e+003,1.06464424341898e+002,-3.37949007901990e+000
6.30957344480186e+003,1.06463752443816e+002,-3.45345605276644e+000
6.45654229034648e+003,1.06463049093193e+002,-3.52923681905729e+000
6.60693448007588e+003,1.06462312814623e+002,-3.60687139989312e+000
6.76082975391974e+003,1.06461542063885e+002,-3.68639971727623e+000
6.91830970918928e+003,1.06460735225015e+002,-3.76786260962591e+000
7.07945784384129e+003,1.06459890606382e+002,-3.85130184499241e+000
7.24435960074981e+003,1.06459006439839e+002,-3.93676014044240e+000
7.41310241300908e+003,1.06458080874065e+002,-4.02428117466508e+000
7.58577575029174e+003,1.06457111973793e+002,-4.11390960479409e+000
7.76247116628682e+003,1.06456097712446e+002,-4.20569108052820e+000
7.94328234724272e+003,1.06455035972336e+002,-4.29967226192764e+000
8.12830516164089e+003,1.06453924536715e+002,-4.39590083278796e+000
8.31763771102661e+003,1.06452761087188e+002,-4.49442551678712e+000
8.51138038202366e+003,1.06451543198211e+002,-4.59529609253031e+000
8.70963589956070e+003,1.06450268334517e+002,-4.69856340914986e+000
8.91250938133734e+003,1.06448933843019e+002,-4.80427940068559e+000
9.12010839355898e+003,1.06447536948909e+002,-4.91249709903278e+000
9.33254300796979e+003,1.06446074752225e+002,-5.02327065194765e+000
9.54992586021424e+003,1.06444544218886e+002,-5.13665533312304e+000
9.77237220955798e+003,1.06442942174829e+002,-5.25270755623984e+000
9.99999999999987e+003,1.06441265305088e+002,-5.37148489148390e+000
1.02329299228074e+004,1.06439510140907e+002,-5.49304607289587e+000
1.04712854805089e+004,1.06437673057586e+002,-5.61745101389215e+000
1.07151930523759e+004,1.06435750265241e+002,-5.74476081642662e+000
1.09647819614317e+004,1.06433737800328e+002,-5.87503778059781e+000
1.12201845430195e+004,1.06431631524699e+002,-6.00834541835337e+000
1.14815362149687e+004,1.06429427109809e+002,-6.14474845671959e+000
1.17489755493951e+004,1.06427120033201e+002,-6.28431284820086e+000
1.20226443461740e+004,1.06424705569648e+002,-6.42710577688561e+000
1.23026877081237e+004,1.06422178782020e+002,-6.57319566301403e+000
1.25892541179415e+004,1.06419534511225e+002,-6.72265216602529e+000
1.28824955169312e+004,1.06416767371099e+002,-6.87554618992778e+000
1.31825673855639e+004,1.06413871731829e+002,-7.03194987839485e+000
1.34896288259164e+004,1.06410841715775e+002,-7.19193661797645e+000
1.38038426460287e+004,1.06407671186601e+002,-7.35558103489547e+000
1.41253754462274e+004,1.06404353735027e+002,-7.52295898651945e+000
1.44543977074591e+004,1.06400882670840e+002,-7.69414755654216e+000
1.47910838816819e+004,1.06397251009706e+002,-7.86922504349386e+000
1.51356124843619e+004,1.06393451465600e+002,-8.04827095189536e+000
1.54881661891246e+004,1.06389476430945e+002,-8.23136596993646e+000
1.58489319246109e+004,1.06385317971402e+002,-8.41859195768246e+000
1.62181009735891e+004,1.06380967809084e+002,-8.61003192174326e+000
1.65958690743754e+004,1.06376417310132e+002,-8.80576999101111e+000
1.69824365246172e+004,1.06371657472843e+002,-9.00589138932079e+000
1.73780082874935e+004,1.06366678910119e+002,-9.21048239913540e+000
1.77827941003890e+004,1.06361471837908e+002,-9.41963032723257e+000
1.81970085860996e+004,1.06356026058806e+002,-9.63342346124736e+000
1.86208713666284e+004,1.06350330950988e+002,-9.85195102727760e+000
1.90546071796322e+004,1.06344375445349e+002,-1.00753031305708e+001
1.94984459975802e+004,1.06338148017252e+002,-1.03035707063586e+001
1.99526231496885e+004,1.06331636666496e+002,-1.05368454524935e+001
2.04173794466950e+004,1.06324828902920e+002,-1.07752197631230e+001
2.08929613085401e+004,1.06317711727692e+002,-1.10187866503289e+001
2.13796208950220e+004,1.06310271619978e+002,-1.12676396664200e+001
2.18776162394952e+004,1.06302494516327e+002,-1.15218728101078e+001
2.23872113856831e+004,1.06294365795813e+002,-1.17815804325618e+001
2.29086765276774e+004,1.06285870265810e+002,-1.20468571363969e+001
2.34422881531989e+004,1.06276992135725e+002,-1.23177976513981e+001
2.39883291901946e+004,1.06267715011758e+002,-1.25944967285919e+001
2.45470891568500e+004,1.06258021869653e+002,-1.28770489961734e+001
2.51188643150954e+004,1.06247895045181e+002,-1.31655488306614e+001
2.57039578276883e+004,1.06237316213639e+002,-1.34600902009094e+001
2.63026799189534e+004,1.06226266372585e+002,-1.37607665091776e+001
2.69153480392688e+004,1.06214725828833e+002,-1.40676704237682e+001
2.75422870333813e+004,1.06202674179113e+002,-1.43808936937807e+001
2.81838293126441e+004,1.06190090300288e+002,-1.47005269658468e+001
2.88403150312656e+004,1.06176952331283e+002,-1.50266595737627e+001
2.95120922666634e+004,1.06163237657986e+002,-1.53593793221190e+001
3.01995172040197e+004,1.06148922906725e+002,-1.56987722707235e+001
3.09029543251354e+004,1.06133983924429e+002,-1.60449224793593e+001
3.16227766016833e+004,1.06118395777698e+002,-1.63979117765069e+001
3.23593656929623e+004,1.06102132734045e+002,-1.67578194768033e+001
3.31131121482586e+004,1.06085168262594e+002,-1.71247221220442e+001
3.38844156139197e+004,1.06067475023793e+002,-1.74986931848234e+001
3.46736850452526e+004,1.06049024867964e+002,-1.78798027737158e+001
3.54813389233570e+004,1.06029788829088e+002,-1.82681173150610e+001
3.63078054770096e+004,1.06009737131348e+002,-1.86636992406362e+001
3.71535229097167e+004,1.05988839187101e+002,-1.90666066455479e+001
3.80189396320555e+004,1.05967063603475e+002,-1.94768929456035e+001
3.89045144994275e+004,1.05944378191974e+002,-1.98946065262809e+001
3.98107170553491e+004,1.05920749978177e+002,-2.03197903749896e+001
4.07380277804107e+004,1.05896145217870e+002,-2.07524817145225e+001
4.16869383470329e+004,1.05870529411672e+002,-2.11927116154078e+001
4.26579518801586e+004,1.05843867331196e+002,-2.16405046215297e+001
4.36515832240159e+004,1.05816123040593e+002,-2.20958783511673e+001
4.46683592150956e+004,1.05787259928348e+002,-2.25588431108702e+001
4.57088189614868e+004,1.05757240740132e+002,-2.30294014978779e+001
4.67735141287191e+004,1.05726027617092e+002,-2.35075480076674e+001
4.78630092322631e+004,1.05693582138387e+002,-2.39932686423691e+001
4.89778819368439e+004,1.05659865368416e+002,-2.44865405224624e+001
5.01187233627264e+004,1.05624837908437e+002,-2.49873315077677e+001
5.12861383991357e+004,1.05588459956591e+002,-2.54955998345427e+001
5.24807460249764e+004,1.05550691364332e+002,-2.60112937406489e+001
5.37031796370244e+004,1.05511491708326e+002,-2.65343511407413e+001
5.49540873857616e+004,1.05470820360387e+002,-2.70646992894025e+001
5.62341325190340e+004,1.05428636563596e+002,-2.76022544796402e+001
5.75439937337148e+004,1.05384899514870e+002,-2.81469217651117e+001
5.88843655355580e+004,1.05339568451948e+002,-2.86985947047162e+001
6.02559586074348e+004,1.05292602741212e+002,-2.92571551346560e+001
6.16595001861472e+004,1.05243961976039e+002,-2.98224729881325e+001
6.30957344480183e+004,1.05193606074090e+002,-3.03944061349679e+001
6.45654229034645e+004,1.05141495381467e+002,-3.09728002743510e+001
6.60693448007586e+004,1.05087590774844e+002,-3.15574888514195e+001
6.76082975391971e+004,1.05031853775345e+002,-3.21482930475074e+001
6.91830970918925e+004,1.04974246657393e+002,-3.27450217964540e+001
7.07945784384127e+004,1.04914732560992e+002,-3.33474718516483e+001
7.24435960074979e+004,1.04853275605008e+002,-3.39554279138016e+001
7.41310241300906e+004,1.04789841005408e+002,-3.45686628169758e+001
7.58577575029172e+004,1.04724395186284e+002,-3.51869377529055e+001
7.76247116628679e+004,1.04656905895953e+002,-3.58100025700060e+001
7.94328234724269e+004,1.04587342316878e+002,-3.64375961132684e+001
8.12830516164086e+004,1.04515675178563e+002,-3.70694466384793e+001
8.31763771102658e+004,1.04441876860491e+002,-3.77052722589672e+001
8.51138038202363e+004,1.04365921498406e+002,-3.83447814758335e+001
8.70963589956067e+004,1.04287785081481e+002,-3.89876737446227e+001
8.91250938133731e+004,1.04207445544108e+002,-3.96336400887507e+001
9.12010839355895e+004,1.04124882854978e+002,-4.02823637873128e+001
9.33254300796976e+004,1.04040079095047e+002,-4.09335210778460e+001
9.54992586021420e+004,1.03953018529578e+002,-4.15867819190058e+001
9.77237220955795e+004,1.03863687675403e+002,-4.22418107999326e+001
9.99999999999984e+004,1.03772075354009e+002,-4.28982675680395e+001
1.02329299228074e+005,1.03678172738412e+002,-4.35558082827600e+001
1.04712854805088e+005,1.03581973391148e+002,-4.42140861140793e+001
1.07151930523759e+005,1.03483473290283e+002,-4.48727522402293e+001
1.09647819614317e+005,1.03382670847934e+002,-4.55314567682668e+001
1.12201845430195e+005,1.03279566914299e+002,-4.61898496537490e+001
1.14815362149686e+005,1.03174164777858e+002,-4.68475816367756e+001
1.17489755493951e+005,1.03066470147679e+002,-4.75043051497044e+001
1.20226443461739e+005,1.02956491131541e+002,-4.81596752310657e+001
1.23026877081236e+005,1.02844238202125e+002,-4.88133504218737e+001
1.25892541179415e+005,1.02729724151844e+002,-4.94649936315099e+001
1.28824955169311e+005,1.02612964040747e+002,-5.01142729787015e+001
1.31825673855639e+005,1.02493975134385e+002,-5.07608626057954e+001
1.34896288259163e+005,1.02372776834890e+002,-5.14044434520942e+001
1.38038426460286e+005,1.02249390601367e+002,-5.20447039768728e+001
1.41253754462273e+005,1.02123839867024e+002,-5.26813408540359e+001
1.44543977074590e+005,1.01996149946197e+002,-5.33140596038617e+001
1.47910838816818e+005,1.01866347939049e+002,-5.39425751808483e+001
1.51356124843618e+005,1.01734462629548e+002,-5.45666125085480e+001
1.54881661891246e+005,1.01600524379415e+002,-5.51859069566514e+001
1.58489319246109e+005,1.01464565018713e+002,-5.58002047553743e+001
1.62181009735890e+005,1.01326617737055e+002,-5.64092633772982e+001
1.65958690743753e+005,1.01186716965525e+002,-5.70128518209395e+001
1.69824365246172e+005,1.01044898266620e+002,-5.76107508850052e+001
1.73780082874935e+005,1.00901198217133e+002,-5.82027533504229e+001
1.77827941003889e+005,1.00755654294502e+002,-5.87886641237386e+001
1.81970085860995e+005,1.00608304763421e+002,-5.93683003278214e+001
1.86208713666284e+005,1.00459188564915e+002,-5.99414913400524e+001
1.90546071796322e+005,1.00308345205416e+002,-6.05080787760405e+001
1.94984459975801e+005,1.00155814650258e+002,-6.10679164306267e+001
1.99526231496885e+005,1.00001637220413e+002,-6.16208701824444e+001
2.04173794466949e+005,9.98458534928835e+001,-6.21668178547470e+001
2.08929613085400e+005,9.96885042027333e+001,-6.27056490266053e+001
2.13796208950220e+005,9.95296301523859e+001,-6.32372648233232e+001
2.18776162394952e+005,9.93692721234558e+001,-6.37615776756925e+001
2.23872113856830e+005,9.92074707940970e+001,-6.42785110453480e+001
2.29086765276773e+005,9.90442666598308e+001,-6.47879991176557e+001
2.34422881531988e+005,9.88796999612932e+001,-6.52899865004513e+001
2.39883291901945e+005,9.87138106151821e+001,-6.57844278654372e+001
2.45470891568499e+005,9.85466381517404e+001,-6.62712876114979e+001
2.51188643150954e+005,9.83782216543012e+001,-6.67505394846037e+001
2.57039578276882e+005,9.82085997081690e+001,-6.72221662109192e+001
2.63026799189534e+005,9.80378103500144e+001,-6.76861591023691e+001
2.69153480392687e+005,9.78658910246917e+001,-6.81425176705246e+001
2.75422870333812e+005,9.76928785453800e+001,-6.85912492324414e+001
2.81838293126440e+005,9.75188090590788e+001,-6.90323685191365e+001
2.88403150312656e+005,9.73437180152115e+001,-6.94658972747861e+001
2.95120922666633e+005,9.71676401395282e+001,-6.98918638748779e+001
3.01995172040196e+005,9.69906094112288e+001,-7.03103029288672e+001
3.09029543251354e+005,9.68126590436543e+001,-7.07212549076334e+001
3.16227766016832e+005,9.66338214691866e+001,-7.11247657654820e+001
3.23593656929623e+005,9.64541283267882e+001,-7.15208865713726e+001
3.31131121482585e+005,9.62736104526383e+001,-7.19096731525502e+001
3.38844156139197e+005,9.60922978748030e+001,-7.22911857525917e+001
3.46736850452526e+005,9.59102198089464e+001,-7.26654886842173e+001
3.54813389233569e+005,9.57274046572331e+001,-7.30326500090958e+001
3.63078054770095e+005,9.55438800102884e+001,-7.33927412196041e+001
3.71535229097166e+005,9.53596726495427e+001,-7.37458369376738e+001
3.80189396320555e+005,9.51748085536484e+001,-7.40920146215966e+001
3.89045144994274e+005,9.49893129044652e+001,-7.44313542848183e+001
3.98107170553490e+005,9.48032100961740e+001,-7.47639382360928e+001
4.07380277804106e+005,9.46165237451044e+001,-7.50898508142302e+001
4.16869383470328e+005,9.44292767008416e+001,-7.54091781524508e+001
4.26579518801585e+005,9.42414910588816e+001,-7.57220079442840e+001
4.36515832240158e+005,9.40531881734766e+001,-7.60284292294055e+001
4.46683592150955e+005,9.38643886722286e+001,-7.63285321796889e+001
4.57088189614867e+005,9.36751124703008e+001,-7.66224079074132e+001
4.67735141287190e+005,9.34853787867054e+001,-7.69101482797207e+001
4.78630092322630e+005,9.32952061591959e+001,-7.71918457450817e+001
4.89778819368438e+005,9.31046124616928e+001,-7.74675931692596e+001
5.01187233627263e+005,9.29136149202125e+001,-7.77374836828343e+001
5.12861383991356e+005,9.27222301300956e+001,-7.80016105388327e+001
5.24807460249763e+005,9.25304740727019e+001,-7.82600669757091e+001
5.37031796370243e+005,9.23383621329298e+001,-7.85129460952194e+001
5.49540873857615e+005,9.21459091163744e+001,-7.87603407457445e+001
5.62341325190339e+005,9.19531292662477e+001,-7.90023434140664e+001
5.75439937337147e+005,9.17600362802002e+001,-7.92390461259528e+001
5.88843655355579e+005,9.15666433280706e+001,-7.94705403538101e+001
6.02559586074347e+005,9.13729630677014e+001,-7.96969169306651e+001
6.16595001861471e+005,9.11790076623440e+001,-7.99182659736534e+001
6.30957344480182e+005,9.09847887964283e+001,-8.01346768119537e+001
6.45654229034644e+005,9.07903176916125e+001,-8.03462379191971e+001
6.60693448007584e+005,9.05956051233189e+001,-8.05530368581838e+001
6.76082975391970e+005,9.04006614351771e+001,-8.07551602216715e+001
6.91830970918924e+005,9.02054965550809e+001,-8.09526935843774e+001
7.07945784384125e+005,9.00101200095456e+001,-8.11457214639044e+001
7.24435960074977e+005,8.98145409384759e+001,-8.13343272738304e+001
7.41310241300904e+005,8.96187681090793e+001,-8.15185932938884e+001
7.58577575029170e+005,8.94228099298538e+001,-8.16986006366001e+001
7.76247116628678e+005,8.92266744639658e+001,-8.18744292187049e+001
7.94328234724267e+005,8.90303694422049e+001,-8.20461577394370e+001
8.12830516164085e+005,8.88339022758374e+001,-8.22138636594730e+001
8.31763771102656e+005,8.86372800688106e+001,-8.23776231824086e+001
8.51138038202361e+005,8.84405096297966e+001,-8.25375112396261e+001
8.70963589956065e+005,8.82435974836158e+001,-8.26936014813604e+001
8.91250938133729e+005,8.80465498826352e+001,-8.28459662625961e+001
9.12010839355893e+005,8.78493728176022e+001,-8.29946766401336e+001
9.33254300796974e+005,8.76520720281182e+001,-8.31398023644114e+001
9.54992586021419e+005,8.74546530126570e+001,-8.32814118778535e+001
9.77237220955793e+005,8.72571210387429e+001,-8.34195723122518e+001
9.99999999999982e+005,8.70594811521195e+001,-8.35543494902328e+001
1.02329299228074e+006,8.68617381860544e+001,-8.36858079256812e+001
1.04712854805088e+006,8.66638967701311e+001,-8.38140108276760e+001
1.07151930523759e+006,8.64659613388310e+001,-8.39390201043530e+001
1.09647819614316e+006,8.62679361397047e+001,-8.40608963707442e+001
1.12201845430194e+006,8.60698252413634e+001,-8.41796989504034e+001
1.14815362149686e+006,8.58716325409957e+001,-8.42954858877177e+001
1.17489755493951e+006,8.56733617719432e+001,-8.44083139530720e+001
1.20226443461739e+006,8.54750165105471e+001,-8.45182386543473e+001
1.23026877081236e+006,8.52766001831751e+001,-8.46253142440680e+001
1.25892541179414e+006,8.50781160726706e+001,-8.47295937336987e+001
1.28824955169311e+006,8.48795673247804e+001,-8.48311288990820e+001
1.31825673855638e+006,8.46809569541939e+001,-8.49299702954130e+001
1.34896288259163e+006,8.44822878504222e+001,-8.50261672703258e+001
1.38038426460286e+006,8.42835627834172e+001,-8.51197679714321e+001
1.41253754462273e+006,8.40847844090849e+001,-8.52108193633406e+001
1.44543977074590e+006,8.38859552744533e+001,-8.52993672357504e+001
1.47910838816818e+006,8.36870778227092e+001,-8.53854562208471e+001
1.51356124843618e+006,8.34881543980465e+001,-8.54691298020673e+001
1.54881661891245e+006,8.32891872503694e+001,-8.55504303309667e+001
1.58489319246108e+006,8.30901785397274e+001,-8.56293990368118e+001
1.62181009735890e+006,8.28911303407032e+001,-8.57060760418109e+001
1.65958690743753e+006,8.26920446464803e+001,-8.57805003747991e+001
1.69824365246171e+006,8.24929233730021e+001,-8.58527099807932e+001
1.73780082874934e+006,8.22937683626809e+001,-8.59227417398514e+001
1.77827941003889e+006,8.20945813882558e+001,-8.59906314741520e+001
1.81970085860995e+006,8.18953641563008e+001,-8.60564139646957e+001
1.86208713666283e+006,8.16961183107385e+001,-8.61201229633807e+001
1.90546071796321e+006,8.14968454361832e+001,-8.61817912036509e+001
1.94984459975801e+006,8.12975470611674e+001,-8.62414504152462e+001
1.99526231496884e+006,8.10982246612710e+001,-8.62991313352007e+001
2.04173794466949e+006,8.08988796621341e+001,-8.63548637217288e+001
2.08929613085400e+006,8.06995134424088e+001,-8.64086763636124e+001
2.13796208950219e+006,8.05001273365850e+001,-8.64605970926360e+001
2.18776162394951e+006,8.03007226377209e+001,-8.65106527969411e+001
2.23872113856830e+006,8.01013006001194e+001,-8.65588694298993e+001
2.29086765276773e+006,7.99018624419088e+001,-8.66052720226522e+001
2.34422881531988e+006,7.97024093476027e+001,-8.66498846935634e+001
2.39883291901944e+006,7.95029424705021e+001,-8.66927306597569e+001
2.45470891568498e+006,7.93034629350931e+001,-8.67338322466484e+001
2.51188643150953e+006,7.91039718393957e+001,-8.67732108998308e+001
2.57039578276881e+006,7.89044702572443e+001,-8.68108871909074e+001
2.63026799189533e+006,7.87049592404973e+001,-8.68468808312520e+001
2.69153480392686e+006,7.85054398212364e+001,-8.68812106781789e+001
2.75422870333811e+006,7.83059130139152e+001,-8.69138947462452e+001
2.81838293126440e+006,7.81063798174585e+001,-8.69449502129260e+001
2.88403150312655e+006,7.79068412173483e+001,-8.69743934307782e+001
2.95120922666633e+006,7.77072981876841e+001,-8.70022399313618e+001
3.01995172040196e+006,7.75077516931825e+001,-8.70285044367687e+001
3.09029543251353e+006,7.73082026912153e+001,-8.70532008654131e+001
3.16227766016832e+006,7.71086521337877e+001,-8.70763423386028e+001
3.23593656929622e+006,7.69091009694962e+001,-8.70979411914711e+001
3.31131121482585e+006,7.67095501455590e+001,-8.71180089738488e+001
3.38844156139196e+006,7.65100006097212e+001,-8.71365564625172e+001
3.46736850452525e+006,7.63104533122767e+001,-8.71535936624466e+001
3.54813389233568e+006,7.61109092079893e+001,-8.71691298181875e+001
3.63078054770094e+006,7.59113692581159e+001,-8.71831734150621e+001
3.71535229097165e+006,7.57118344323519e+001,-8.71957321888897e+001
3.80189396320554e+006,7.55123057108853e+001,-8.72068131280967e+001
3.89045144994273e+006,7.53127840863869e+001,-8.72164224812934e+001
3.98107170553489e+006,7.51132705660724e+001,-8.72245657597684e+001
4.07380277804105e+006,7.49137661737661e+001,-8.72312477453428e+001
4.16869383470327e+006,7.47142719520241e+001,-8.72364724926531e+001
4.26579518801584e+006,7.45147889642367e+001,-8.72402433353769e+001
4.36515832240157e+006,7.43153182968365e+001,-8.72425628904687e+001
4.46683592150954e+006,7.41158610615105e+001,-8.72434330612260e+001
4.57088189614866e+006,7.39164183974538e+001,-8.72428550419693e+001
4.67735141287189e+006,7.37169914737048e+001,-8.72408293225849e+001
4.78630092322629e+006,7.35175814914654e+001,-8.72373556937518e+001
4.89778819368436e+006,7.33181896866261e+001,-8.72324332460013e+001
5.01187233627262e+006,7.31188173321311e+001,-8.72260603802738e+001
5.12861383991355e+006,7.29194657406556e+001,-8.72182348059075e+001
5.24807460249762e+006,7.27201362671229e+001,-8.72089535494511e+001
5.37031796370242e+006,7.25208303115150e+001,-8.71982129523664e+001
5.49540873857613e+006,7.23215493215606e+001,-8.71860086835164e+001
5.62341325190338e+006,7.21222947956766e+001,-8.71723357335655e+001
5.75439937337145e+006,7.19230682858716e+001,-8.71571884274727e+001
5.88843655355577e+006,7.17238714008410e+001,-8.71405604214437e+001
6.02559586074345e+006,7.15247058090336e+001,-8.71224447166406e+001
6.16595001861470e+006,7.13255732419850e+001,-8.71028336543900e+001
6.30957344480180e+006,7.11264754976848e+001,-8.70817189213625e+001
6.45654229034642e+006,7.09274144439097e+001,-8.70590915665789e+001
6.60693448007582e+006,7.07283920219320e+001,-8.70349419928438e+001
6.76082975391968e+006,7.05294102501908e+001,-8.70092599698220e+001
6.91830970918922e+006,7.03304712280698e+001,-8.69820346403292e+001
7.07945784384123e+006,7.01315771399311e+001,-8.69532545225824e+001
7.24435960074975e+006,6.99327302591026e+001,-8.69229075249679e+001
7.41310241300902e+006,6.97339329521994e+001,-8.68909809463212e+001
7.58577575029168e+006,6.95351876834262e+001,-8.68574614907210e+001
7.76247116628676e+006,6.93364970191500e+001,-8.68223352694547e+001
7.94328234724265e+006,6.91378636324573e+001,-8.67855878230967e+001
8.12830516164082e+006,6.89392903080927e+001,-8.67472041197700e+001
8.31763771102654e+006,6.87407799473635e+001,-8.67071685743734e+001
8.51138038202359e+006,6.85423355733114e+001,-8.66654650578980e+001
8.70963589956062e+006,6.83439603359741e+001,-8.66220769143425e+001
8.91250938133727e+006,6.81456575178181e+001,-8.65769869796069e+001
9.12010839355890e+006,6.79474305395233e+001,-8.65301775846569e+001
9.33254300796971e+006,6.77492829655648e+001,-8.64816305917036e+001
9.54992586021416e+006,6.75512185104124e+001,-8.64313273977508e+001
9.77237220955790e+006,6.73532410444498e+001,-8.63792489698418e+001
9.99999999999979e+006,6.71553546005406e+001,-8.63253758525017e+001
1.02329299228073e+007,6.69575633802483e+001,-8.62696882122637e+001
1.04712854805088e+007,6.67598717607698e+001,-8.62121658431270e+001
1.07151930523758e+007,6.65622843015101e+001,-8.61527882156880e+001
1.09647819614316e+007,6.63648057512571e+001,-8.60915344943036e+001
1.12201845430194e+007,6.61674410552683e+001,-8.60283835764266e+001
1.14815362149686e+007,6.59701953625094e+001,-8.59633141333541e+001
1.17489755493950e+007,6.57730740332065e+001,-8.58963046422408e+001
1.20226443461739e+007,6.55760826463340e+001,-8.58273334361981e+001
1.23026877081236e+007,6.53792270074452e+001,-8.57563787409248e+001
1.25892541179414e+007,6.51825131562813e+001,-8.56834187385128e+001
1.28824955169311e+007,6.49859473749933e+001,-8.56084316003540e+001
1.31825673855638e+007,6.47895361958733e+001,-8.55313955618844e+001
1.34896288259162e+007,6.45932864095862e+001,-8.54522889723514e+001
1.38038426460286e+007,6.43972050731236e+001,-8.53710903687629e+001
1.41253754462272e+007,6.42012995182104e+001,-8.52877785289903e+001
1.44543977074590e+007,6.40055773590408e+001,-8.52023325675036e+001
1.47910838816818e+007,6.38100465005515e+001,-8.51147320035210e+001
1.51356124843618e+007,6.36147151465351e+001,-8.50249568360295e+001
1.54881661891245e+007,6.34195918071805e+001,-8.49329876550828e+001
1.58489319246108e+007,6.32246853073667e+001,-8.48388057043359e+001
1.62181009735889e+007,6.30300047934177e+001,-8.47423930236398e+001
1.65958690743752e+007,6.28355597409900e+001,-8.46437325237117e+001
1.69824365246171e+007,6.26413599618059e+001,-8.45428081103162e+001
1.73780082874934e+007,6.24474156102400e+001,-8.44396048060576e+001
1.77827941003888e+007,6.22537371894774e+001,-8.43341088753787e+001
1.81970085860994e+007,6.20603355571105e+001,-8.42263079617783e+001
1.86208713666283e+007,6.18672219305725e+001,-8.41161912106440e+001
1.90546071796321e+007,6.16744078906988e+001,-8.40037494570385e+001
1.94984459975800e+007,6.14819053863552e+001,-8.38889753343647e+001
1.99526231496884e+007,6.12897267367062e+001,-8.37718634627221e+001
2.04173794466948e+007,6.10978846329612e+001,-8.36524106232743e+001
2.08929613085399e+007,6.09063921393784e+001,-8.35306159257761e+001
2.13796208950219e+007,6.07152626928003e+001,-8.34064809984248e+001
2.18776162394950e+007,6.05245101010110e+001,-8.32800101778496e+001
2.23872113856829e+007,6.03341485392853e+001,-8.31512107248089e+001
2.29086765276772e+007,6.01441925463883e+001,-8.30200930041752e+001
2.34422881531987e+007,5.99546570172051e+001,-8.28866707400843e+001
2.39883291901944e+007,5.97655571955040e+001,-8.27509611993077e+001
2.45470891568498e+007,5.95769086629596e+001,-8.26129854489638e+001
2.51188643150952e+007,5.93887273272481e+001,-8.24727685738196e+001
2.57039578276881e+007,5.92010294070581e+001,-8.23303399276087e+001
2.63026799189532e+007,5.90138314149198e+001,-8.21857333783805e+001
2.69153480392686e+007,5.88271501376040e+001,-8.20389875508061e+001
2.75422870333811e+007,5.86410026136367e+001,-8.18901460751666e+001
2.81838293126439e+007,5.84554061071136e+001,-8.17392578630820e+001
2.88403150312654e+007,5.82703780796441e+001,-8.15863773418858e+001
2.95120922666632e+007,5.80859361582049e+001,-8.14315647167330e+001
3.01995172040195e+007,5.79020980999944e+001,-8.12748862169129e+001
3.09029543251352e+007,5.77188817531810e+001,-8.11164143564011e+001
3.16227766016831e+007,5.75363050134247e+001,-8.09562282028818e+001
3.23593656929621e+007,5.73543857803352e+001,-8.07944135317118e+001
3.31131121482584e+007,5.71731419034503e+001,-8.06310631627342e+001
3.38844156139195e+007,5.69925911307317e+001,-8.04662770973066e+001
3.46736850452524e+007,5.68127510491824e+001,-8.03001627534072e+001
3.54813389233568e+007,5.66336390222219e+001,-8.01328351599574e+001
3.63078054770093e+007,5.64552721239358e+001,-7.99644171081179e+001
3.71535229097164e+007,5.62776670687144e+001,-7.97950392986032e+001
3.80189396320553e+007,5.61008401361027e+001,-7.96248404849837e+001
3.89045144994272e+007,5.59248070937820e+001,-7.94539675415457e+001
3.98107170553488e+007,5.57495831149572e+001,-7.92825755489653e+001
4.07380277804104e+007,5.55751826931166e+001,-7.91108278256908e+001
4.16869383470326e+007,5.54016195542179e+001,-7.89388959094796e+001
4.26579518801583e+007,5.52289065660830e+001,-7.87669594995526e+001
4.36515832240156e+007,5.50570556408933e+001,-7.85952064503278e+001
4.46683592150953e+007,5.48860776452541e+001,-7.84238325112068e+001
4.57088189614865e+007,5.47159822990835e+001,-7.82530412269551e+001
4.67735141287188e+007,5.45467780760473e+001,-7.80830437260289e+001
4.78630092322628e+007,5.43784721071937e+001,-7.79140583828907e+001
4.89778819368435e+007,5.42110700815796e+001,-7.77463104921736e+001
5.01187233627261e+007,5.40445761473599e+001,-7.75800318921988e+001
5.12861383991353e+007,5.38789928169507e+001,-7.74154604845282e+001
5.24807460249761e+007,5.37143208718414e+001,-7.72528397468648e+001
5.37031796370241e+007,5.35505592735437e+001,-7.70924181346053e+001
5.49540873857612e+007,5.33877050765647e+001,-7.69344484622390e+001
5.62341325190336e+007,5.32257533451912e+001,-7.67791872448176e+001
5.75439937337144e+007,5.30646970835527e+001,-7.66268938617425e+001
5.88843655355576e+007,5.29045271606712e+001,-7.64778298623582e+001
6.02559586074344e+007,5.27452322544766e+001,-7.63322580349379e+001
6.16595001861468e+007,5.25867987971156e+001,-7.61904415467209e+001
6.30957344480179e+007,5.24292109358603e+001,-7.60526429451090e+001
6.45654229034641e+007,5.22724504974558e+001,-7.59191232239082e+001
6.60693448007581e+007,5.21164969689099e+001,-7.57901407735584e+001
6.76082975391967e+007,5.19613274894341e+001,-7.56659503157162e+001
6.91830970918921e+007,5.18069168526989e+001,-7.55468018452506e+001
7.07945784384122e+007,5.16532375238128e+001,-7.54329395329101e+001
7.24435960074974e+007,5.15002596683943e+001,-7.53246006379467e+001
7.41310241300901e+007,5.13479511999829e+001,-7.52220143633160e+001
7.58577575029167e+007,5.11962778313002e+001,-7.51254008474315e+001
7.76247116628674e+007,5.10452031533238e+001,-7.50349700001818e+001
7.94328234724264e+007,5.08946887133679e+001,-7.49509205488292e+001
8.12830516164081e+007,5.07446941209565e+001,-7.48734389486934e+001
8.31763771102652e+007,5.05951771565993e+001,-7.48026984625237e+001
8.51138038202357e+007,5.04460938970858e+001,-7.47388582467461e+001
8.70963589956061e+007,5.02973988569519e+001,-7.46820624564110e+001
8.91250938133725e+007,5.01490451313137e+001,-7.46324395268078e+001
9.12010839355889e+007,5.00009845580038e+001,-7.45901014337859e+001
9.33254300796970e+007,4.98531678881934e+001,-7.45551430499292e+001
9.54992586021414e+007,4.97055449621498e+001,-7.45276416216599e+001
9.77237220955788e+007,4.95580648844287e+001,-7.45076564087808e+001
1.00000000000000e+008,4.94106762287431e+001,-7.44952281927320e+001
