Freq,Magnitude_dB,Angle_deg
1,-21.1334557319,-58.9699654518909
1.02329299228075,-20.8711046708251,-59.6641773148563
1.0471285480509,-20.6107673680817,-60.3549417956714
1.07151930523761,-20.3524107769183,-61.0420756412587
1.09647819614318,-20.0960008553124,-61.7254083838182
1.12201845430196,-19.8415026846053,-62.4047825271564
1.14815362149688,-19.5888805875807,-63.0800536804958
1.17489755493953,-19.3380982454519,-63.751090639222
1.20226443461741,-19.0891188131922,-64.4177754164348
1.23026877081238,-18.8419050325923,-65.0800032256596
1.25892541179417,-18.5964193428116,-65.737682418103
1.28824955169313,-18.3526239875346,-66.3907343791769
1.31825673855641,-18.1104811189857,-67.0390933830692
1.34896288259165,-17.869952897824,-67.682706412488
1.38038426460288,-17.6310015891221,-68.321532944243
1.41253754462275,-17.3935896541134,-68.955544703546
1.44543977074593,-17.1576798372953,-69.5847253929309
1.47910838816821,-16.9232352490723,-70.20907039567
1.51356124843621,-16.6902194437459,-70.8285864574111
1.54881661891248,-16.4585964927753,-71.4432913515448
1.58489319246111,-16.228331053318,-72.053213527065
1.62181009735893,-15.9993884322332,-72.6583917446702
1.65958690743756,-15.7717346453319,-73.2588747027639
1.69824365246174,-15.5453364723331,-73.8547206545316
1.73780082874937,-15.3201615073198,-74.4459970210365
1.77827941003892,-15.0961782050801,-75.0327799991683
1.81970085860998,-14.8733559232506,-75.6151541688153
1.86208713666287,-14.6516649608419,-76.1932120999576
1.90546071796325,-14.4310765927895,-76.7670539607401
1.94984459975804,-14.2115631011823,-77.3367871291752
1.99526231496888,-13.9930978032403,-77.9025258087949
2.04173794466953,-13.7756550760847,-78.4643906485938
2.08929613085404,-13.559210378794,-79.0225083701192
2.13796208950223,-13.3437402716624,-79.5770114005342
2.18776162394955,-13.1292224331591,-80.1280375127719
2.23872113856834,-12.9156356745268,-80.6757294743533
2.29086765276777,-12.702959952462,-81.2202347025636
2.34422881531992,-12.4911763798313,-81.7617049292917
2.39883291901949,-12.2802672348092,-82.3002958731949
2.45470891568503,-12.070215968579,-82.8361669203016
2.51188643150958,-11.8610072115738,-83.3694808123848
2.57039578276886,-11.6526267787064,-83.9004033436514
2.63026799189538,-11.4450616735663,-84.4291030643877
2.69153480392691,-11.238300091708,-84.9557509918248
2.75422870333816,-11.0323314232602,-85.4805203281322
2.81838293126445,-10.8271462549476,-86.0035861834484
2.8840315031266,-10.6227363714036,-86.5251253063184
2.95120922666638,-10.4190947563878,-87.0453158169949
3.01995172040201,-10.2162155933669,-87.5643369470355
3.09029543251359,-10.0140942659677,-88.0823687815506
3.16227766016837,-9.81272735821787,-88.5995920044147
3.23593656929628,-9.61211265456852,-89.1161876467619
3.31131121482591,-9.41224913980405,-89.6323368355361
3.38844156139202,-9.21313699885918,-90.1482205443487
3.46736850452531,-9.0147776165003,-90.6640193435456
3.54813389233575,-8.81717357684069,-91.1799131497965
3.63078054770101,-8.62032866288319,-91.696080974112
3.71535229097172,-8.42424785575871,-92.2127006684167
3.8018939632056,-8.22893733383764,-92.7299486679762
3.8904514499428,-8.0344044715589,-93.2479997314645
3.98107170553496,-7.84065783800699,-93.7670266759067
4.07380277804112,-7.64770719501838,-94.2872001073566
4.16869383470335,-7.45556349488645,-94.8086881453703
4.26579518801592,-7.26423887743193,-95.3316561417648
4.36515832240165,-7.07374666638878,-95.8562663929772
4.46683592150962,-6.88410136503725,-96.3826778445112
4.57088189614874,-6.6953186508257,-96.9110457888536
4.67735141287197,-6.50741536890144,-97.4415215545955
4.78630092322637,-6.32040952439804,-97.9742521882935
4.89778819368445,-6.13432027337568,-98.5093801272972
5.01187233627271,-5.94916791202287,-99.047042864609
5.12861383991364,-5.76497386422697,-99.5873726052593
5.24807460249771,-5.58176066713303,-100.130495914493
5.37031796370252,-5.39955195442938,-100.676533357868
5.49540873857623,-5.21837243743115,-101.225599133698
5.62341325190348,-5.03824788350547,-101.77780069816
5.75439937337156,-4.85920509161265,-102.333238384566
5.88843655355588,-4.68127186507124,-102.892005015931
6.02559586074356,-4.50447698081731,-103.454185513592
6.16595001861481,-4.32885015547616,-104.019856501887
6.30957344480192,-4.15442200769063,-104.589085910158
6.45654229034654,-3.98122401663923,-105.161932574165
6.60693448007594,-3.80928847654089,-105.738445838336
6.7608297539198,-3.638648447026,-106.318665159809
6.91830970918935,-3.46933769905289,-106.902619717776
7.07945784384136,-3.30139065648452,-107.490328028835
7.24435960074988,-3.13484233297825,-108.081797571577
7.41310241300916,-2.96972826425905,-108.677024422501
7.58577575029182,-2.80608443560686,-109.275992905813
7.7624711662869,-2.64394720465242,-109.878675260331
7.94328234724279,-2.48335321937378,-110.485031325785
8.12830516164097,-2.32433933146366,-111.095008251854
8.31763771102669,-2.16694250504026,-111.708540232954
8.51138038202374,-2.01119972096351,-112.325548271773
8.70963589956078,-1.85714787685041,-112.945939974834
8.91250938133743,-1.7048236831294,-113.569609382841
9.12010839355907,-1.55426355533185,-114.196436839615
9.33254300796988,-1.4055035029858,-114.826288901528
9.54992586021433,-1.25857901560946,-115.459018291274
9.77237220955808,-1.11352494610096,-116.094463898052
9.99999999999997,-0.970375392137673,-116.732450826875
10.2329299228075,-0.829163576088117,-117.372790499102
10.471285480509,-0.689921724119902,-118.015280806114
10.715193052376,-0.552680944938603,-118.659706317857
10.9647819614318,-0.417471109156184,-119.305838546964
11.2201845430196,-0.284320729616244,-119.953436270089
11.4815362149688,-0.153256843790324,-120.602245905602
11.7489755493953,-0.0243048987280841,-121.25200194859
12.0226443461741,0.102511360594312,-121.902427461701
12.3026877081238,0.227169998661351,-122.553234621085
12.5892541179416,0.349650992005858,-123.204125315552
12.8824955169313,0.469936325960366,-123.85479179657
13.182567385564,0.588010085202636,-124.504917376627
13.4896288259165,0.703858537061935,-125.154177172496
13.8038426460288,0.817470207247211,-125.802238889565
14.1253754462275,0.928835947306331,-126.44876364322
14.4543977074592,1.03794899318717,-127.093406812445
14.791083881682,1.1448050147401,-127.735818920875
15.135612484362,1.24940215546593,-128.375646539695
15.4881661891248,1.35174106248988,-129.012533207153
15.8489319246111,1.45182490644497,-129.6461203587
16.2181009735892,1.5496593911885,-130.276048261895
16.5958690743755,1.64525275329137,-130.901956950467
16.9824365246174,1.73861575147731,-131.523487151227
17.3780082874937,1.82976164614289,-132.140281198265
17.7827941003892,1.91870616909925,-132.75198392897
18.1970085860998,2.00546748417819,-133.358243555963
18.6208713666286,2.09006613874295,-133.958712510499
19.0546071796324,2.17252500698048,-134.553048252015
19.4984459975804,2.25286922523853,-135.140914039906
19.9526231496887,2.33112612027713,-135.721979663371
20.4173794466952,2.40732513086254,-136.295922126019
20.8929613085403,2.48149772371488,-136.8624262823
21.3796208950222,2.55367730423711,-137.421185423379
21.8776162394954,2.62389912307321,-137.97190181071
22.3872113856833,2.69220017911913,-138.51428715582
22.9086765276776,2.75861911972204,-139.048063045762
23.4422881531991,2.82319613908181,-139.572961313792
23.9883291901948,2.88597287527654,-140.088724355751
24.5470891568502,2.94699230701164,-140.595105392739
25.1188643150957,3.0062986504749,-141.091868681332
25.7039578276885,3.06393725717901,-141.578789672984
26.3026799189537,3.11995451329661,-142.055655124512
26.915348039269,3.17439774121399,-142.522263162151
27.5422870333815,3.22731510367992,-142.978423301604
28.1838293126444,3.27875551112815,-143.423956427031
28.8403150312659,3.32876853251326,-143.858694732065
29.5120922666637,3.37740431021413,-144.282481626113
30.19951720402,3.42471347904122,-144.695171609105
30.9029543251358,3.4707470899195,-145.096630118444
31.6227766016837,3.51555653814272,-145.486733351311
32.3593656929627,3.55919349667137,-145.865368066011
33.113112148259,3.601709854272,-146.2324313658
33.8844156139201,3.64315765879012,-146.587830468555
34.673685045253,3.68358906541644,-146.93148246567
35.4813389233574,3.72305629003567,-147.263314073419
36.30780547701,3.7616115674772,-147.583261379969
37.1535229097171,3.79930711456605,-147.89126959087
38.0189396320559,3.83619509796136,-148.187292776138
38.9045144994279,3.87232760643267,-148.471293621363
39.8107170553495,3.90775662750341,-148.743243185564
40.7380277804111,3.94253402818061,-149.003120668075
41.6869383470333,3.9767115394773,-149.250913186612
42.6579518801591,4.01034074461405,-149.486615568602
43.6515832240164,4.04347307044556,-149.710230157596
44.6683592150961,4.07615978187276,-149.921766636329
45.7088189614873,4.10845197902303,-150.121241868021
46.7735141287196,4.14040059670434,-150.308679757108
47.8630092322636,4.17205640597613,-150.484111130649
48.9778819368444,4.20347001734576,-150.647573641176
50.118723362727,4.23469188537456,-150.799111691969
51.2861383991362,4.2657723142641,-150.938776385219
52.480746024977,4.29676146411481,-151.066625493556
53.703179637025,4.3277093574454,-151.182723455277
54.9540873857622,4.35866588569024,-151.287141393299
56.2341325190346,4.38968081530041,-151.37995715785
57.5439937337154,4.4208037929935,-151.461255392617
58.8843655355586,4.45208434996444,-151.531127624096
60.2559586074355,4.48357190457371,-151.589672373337
61.6595001861479,4.5153157632146,-151.636995289683
63.095734448019,4.54736511899783,-151.673209305407
64.5654229034652,4.57976904793271,-151.698434810143
66.0693448007593,4.61257650224576,-151.7127998441
67.6082975391978,4.64583630054249,-151.716440308376
69.1830970918933,4.67959711455605,-151.709500191035
70.7945784384134,4.7139074519259,-151.692131806791
72.4435960074986,4.74881563512574,-151.664496048835
74.1310241300914,4.78436977591171,-151.626762650203
75.857757502918,4.82061774524406,-151.579110452608
77.6247116628688,4.85760713838017,-151.521727680104
79.4328234724277,4.89538523498,-151.454812215005
81.2830516164095,4.93399895392773,-151.378571873001
83.1763771102667,4.97349480298575,-151.293224674653
85.1138038202372,5.01391882281497,-151.198999109979
87.0963589956076,5.05531652562911,-151.096134392765
89.1250938133741,5.09773282825672,-150.984880701224
91.2010839355905,5.14121197957344,-150.865499401404
93.3254300796986,5.18579748263322,-150.738263249759
95.4992586021431,5.23153201128947,-150.603456571077
97.7237220955805,5.27845732167497,-150.461375408114
99.9999999999995,5.32661415860994,-150.312327639167
102.329299228075,5.37604215743226,-150.156633059906
104.712854805089,5.42677974126797,-149.994623425762
107.15193052376,5.47886401435897,-149.826642451495
109.647819614318,5.53233065184398,-149.653045764332
112.201845430196,5.58721378641235,-149.47420080789
114.815362149688,5.64354589251054,-149.290486693458
117.489755493952,5.70135766850984,-149.102293996345
120.226443461741,5.76067791776068,-148.910024494886
123.026877081237,5.82153342902691,-148.714090850074
125.892541179416,5.88394885708347,-148.514916224284
128.824955169313,5.94794660436099,-148.312933837958
131.82567385564,6.01354670422338,-148.108586463704
134.896288259165,6.08076670704101,-147.902325857623
138.038426460288,6.14962156949694,-147.694612128106
141.253754462275,6.22012354829302,-147.485913043182
144.543977074592,6.29228209891721,-147.276703277989
147.91083881682,6.36610378034363,-147.067463603917
151.35612484362,6.44159216650966,-146.858680022669
154.881661891247,6.51874776515854,-146.650842847529
158.48931924611,6.59756794502433,-146.444445736102
162.181009735892,6.67804687188269,-146.239984678094
165.958690743755,6.76017545400106,-146.037956942849
169.824365246173,6.84394129773115,-145.83885999135
173.780082874936,6.92932867354088,-145.643190357889
177.827941003891,7.01631849305402,-145.451442506947
181.970085860997,7.10488829721422,-145.264107670918
186.208713666286,7.19501225596153,-145.081672674325
190.546071796323,7.2866611795794,-144.904618750777
194.984459975803,7.3798025415509,-144.733420358184
199.526231496887,7.47440051326381,-144.568543998584
204.173794466952,7.57041601015617,-144.410447047862
208.929613085403,7.66780674926641,-144.259576601508
213.796208950222,7.76652731792065,-144.116368341356
218.776162394954,7.86652925324401,-143.981245428957
223.872113856832,7.96776113208893,-143.854617430063
229.086765276776,8.07016867097037,-143.736879274961
234.422881531991,8.17369483560679,-143.628410258878
239.883291901947,8.27827995939196,-143.529573086336
245.470891568501,8.3838618704045,-143.440712962672
251.188643150956,8.49037602638996,-143.362156736294
257.039578276885,8.59775565689905,-143.294212093819
263.026799189536,8.70593191245018,-143.237166811075
269.15348039269,8.81483401961435,-143.19128806147
275.422870333815,8.92438944179294,-143.156821783883
281.838293126443,9.03452404492622,-143.13399211119
288.403150312659,9.14516226763662,-143.123000860834
295.120922666637,9.25622729519641,-143.124027088217
301.9951720402,9.36764123682061,-143.137226703881
309.029543251357,9.47932530560394,-143.162732154663
316.227766016836,9.59120000087556,-143.200652169842
323.593656929626,9.70318529205592,-143.251071571954
331.131121482589,9.81520080384039,-143.314051152972
338.8441561392,9.92716600212548,-143.389627615885
346.736850452529,10.0390003800171,-143.477813581447
354.813389233573,10.1506236437405,-143.578597660536
363.078054770099,10.2619558976675,-143.691944591806
371.53522909717,10.372917828126,-143.817795444474
380.189396320558,10.483430885484,-143.956067886266
389.045144994278,10.5934174639216,-144.106656515937
398.107170553494,10.7028010784564,-144.26943326015
407.38027780411,10.8115065385629,-144.444247834114
416.869383470332,10.9194601180448,-144.630928265265
426.579518801589,11.0265897203253,-144.829281478973
436.515832240163,11.1328250387815,-145.039093945404
446.68359215096,11.2380977115265,-145.260132385827
457.088189614872,11.3423414698773,-145.492144537021
467.735141287195,11.4454922801067,-145.734859971497
478.630092322635,11.547488477845,-145.987990971544
489.778819368442,11.6482708943756,-146.251233454071
501.187233627268,11.7477829745274,-146.52426794365
512.861383991361,11.8459708853547,-146.806760589914
524.807460249769,11.9427836152588,-147.098364225844
537.031796370249,12.0381730629924,-147.398719462752
549.54087385762,12.1320941160319,-147.7074558172
562.341325190345,12.2245047181298,-148.024192865485
575.439937337152,12.3153659254116,-148.348541420049
588.843655355584,12.4046419510662,-148.680104722778
602.559586074353,12.4923001981932,-149.018479649385
616.595001861477,12.5783112806998,-149.363257919073
630.957344480188,12.6626490324342,-149.714027303681
645.65422903465,12.7452905042323,-150.070372830146
660.693448007591,12.8262159492848,-150.431877970451
676.082975391976,12.9054087969382,-150.798125813139
691.830970918931,12.9828556151414,-151.168700210422
707.945784384132,13.0585460620183,-151.543186895638
724.435960074984,13.132472826987,-151.921174565366
741.310241300911,13.2046315619173,-152.302255921441
758.577575029177,13.2750208028832,-152.686028668046
776.247116628685,13.3436418832866,-153.072096459771
794.328234724275,13.4104988389086,-153.460069796692
812.830516164092,13.475598305754,-153.849566863334
831.763771102664,13.5389494113923,-154.240214308554
851.138038202369,13.6005636605693,-154.631647964151
870.963589956073,13.6604548161285,-155.023513500532
891.250938133738,13.7186387757687,-155.415467018056
912.010839355902,13.7751334456997,-155.807175573556
933.254300796983,13.8299586119853,-156.198317641822
954.992586021428,13.8831358102462,-156.588583512369
977.237220955802,13.9346881946484,-156.977675622329
999.999999999991,13.9846404069404,-157.365308826767
1023.29299228075,14.0330184461023,-157.751210608024
1047.12854805089,14.0798495393454,-158.135121226114
1071.5193052376,14.1251620152173,-158.516793812586
1096.47819614318,14.1689851791642,-158.895994410432
1122.01845430195,14.211349192168,-159.272501962961
1148.15362149687,14.2522849529853,-159.646108254644
1174.89755493952,14.2918239842839,-160.01661780719
1202.2644346174,14.3299983230977,-160.383847734207
1230.26877081237,14.3668404158381,-160.747627557757
1258.92541179416,14.4023830181994,-161.107798990328
1288.24955169312,14.4366591000308,-161.464215685581
1318.2567385564,14.4697017554255,-161.816742961293
1348.96288259164,14.5015441180729,-162.165257497823
1380.38426460287,14.5322192818812,-162.509647015335
1412.53754462274,14.5617602269691,-162.849809932894
1445.43977074591,14.5901997509809,-163.185655012478
1479.10838816819,14.6175704055946,-163.51710099069
1513.56124843619,14.6439044382192,-163.844076200973
1548.81661891247,14.6692337387439,-164.166518188765
1584.8931924611,14.6935897911385,-164.484373322022
1621.81009735891,14.7170036298988,-164.797596399274
1659.58690743754,14.7395058009383,-165.106150257264
1698.24365246173,14.7611263269622,-165.41000537994
1737.80082874936,14.781894677027,-165.709139510543
1778.27941003891,14.8018397400297,-166.003537268229
1819.70085860997,14.8209898019789,-166.293189770596
1862.08713666285,14.8393725268647,-166.578094263253
1905.46071796323,14.8570149408805,-166.858253757474
1949.84459975803,14.8739434196907,-167.133676676843
1995.26231496886,14.8901836787276,-167.404376513555
2041.73794466951,14.9057607660744,-167.670371495073
2089.29613085402,14.9206990580027,-167.931684261599
2137.96208950221,14.9350222566445,-168.188341554763
2187.76162394953,14.9487533899696,-168.440373917798
2238.72113856832,14.9619148135023,-168.687815407468
2290.86765276775,14.9745282139571,-168.930703317773
2344.2288153199,14.9866146143586,-169.169077915564
2398.83291901947,14.9981943805906,-169.402982187975
2454.70891568501,15.0092872293068,-169.63246160168
2511.88643150955,15.0199122368718,-169.857563873718
2570.39578276884,15.0300878493526,-170.078338753837
2630.26799189535,15.039831893349,-170.294837818055
2691.53480392689,15.04916158765,-170.50711427323
2754.22870333814,15.0580935554167,-170.715222772335
2818.38293126442,15.0666438369992,-170.919219240164
2884.03150312658,15.0748279031921,-171.11916070913
2951.20922666635,15.0826606688109,-171.315105164833
3019.95172040198,15.0901565065834,-171.507111401047
3090.29543251356,15.0973292612429,-171.69523888377
3162.27766016835,15.1041922637669,-171.879547624
3235.93656929625,15.1107583457043,-172.060098058851
3311.31121482588,15.1170398535188,-172.236950940667
3388.44156139199,15.123048662967,-172.410167233781
3467.36850452528,15.128796193261,-172.579808018541
3548.13389233572,15.1342934213872,-172.745934402294
3630.78054770097,15.1395508960119,-172.90860743695
3715.35229097168,15.1445787514126,-173.067888042807
3801.89396320557,15.1493867211244,-173.223836938341
3890.45144994276,15.1539841514184,-173.376514575574
3981.07170553493,15.1583800144768,-173.525981080803
4073.80277804108,15.1625829213758,-173.672296200318
4168.69383470331,15.1666011347797,-173.815519250875
4265.79518801588,15.1704425813351,-173.955709074626
4365.15832240161,15.174114863787,-174.092923998245
4466.83592150958,15.1776252728158,-174.227221796011
4570.8818961487,15.1809807985051,-174.35865965659
4677.35141287193,15.1841881415873,-174.487294153291
4786.30092322633,15.1872537243137,-174.613181217586
4897.78819368441,15.1901837009972,-174.736376115667
5011.87233627267,15.1929839683656,-174.856933427866
5128.61383991359,15.1956601754021,-174.97490703071
5248.07460249767,15.1982177330479,-175.090350081481
5370.31796370247,15.2006618235404,-175.203315005068
5495.40873857618,15.2029974094035,-175.31385348297
5623.41325190343,15.2052292421919,-175.422016444304
5754.3993733715,15.2073618709131,-175.527854058653
5888.43655355582,15.2093996502123,-175.631415730648
6025.59586074351,15.2113467481646,-175.732750096121
6165.95001861475,15.2132071538987,-175.831905019737
6309.57344480186,15.2149846849067,-175.92892759399
6456.54229034648,15.2166829940365,-176.023864139427
6606.93448007588,15.218305576347,-176.116760206049
6760.82975391974,15.2198557756055,-176.207660575746
6918.30970918928,15.2213367905166,-176.296609265713
7079.45784384129,15.222751680878,-176.383649532747
7244.35960074981,15.2241033733201,-176.468823878355
7413.10241300908,15.2253946669164,-176.552174054605
7585.77575029174,15.2266282385545,-176.633741070628
7762.47116628682,15.2278066481128,-176.713565199756
7943.28234724272,15.2289323434091,-176.791685987181
8128.30516164089,15.2300076649557,-176.868142258122
8317.63771102661,15.2310348505386,-176.942972126437
8511.38038202366,15.2320160396354,-177.016213003622
8709.6358995607,15.2329532775541,-177.087901608169
8912.50938133734,15.2338485195346,-177.158073975229
9120.10839355898,15.2347036346106,-177.226765466553
9332.54300796979,15.2355204093031,-177.29401078067
9549.92586021424,15.2363005512064,-177.359843963268
9772.37220955798,15.2370456923626,-177.424298417749
9999.99999999987,15.2377573926225,-177.487406915942
10232.9299228074,15.2384371426481,-177.549201608921
10471.2854805089,15.2390863670196,-177.60971403794
10715.1930523759,15.2397064270863,-177.668975145426
10964.7819614317,15.240298623709,-177.727015286045
11220.1845430195,15.2408641999036,-177.783864237799
11481.5362149687,15.2414043433554,-177.839551213141
11748.9755493951,15.241920188904,-177.894104870105
12022.644346174,15.2424128207521,-177.947553323422
12302.6877081237,15.2428832747383,-177.999924155615
12589.2541179415,15.2433325404884,-178.051244428071
12882.4955169312,15.2437615633809,-178.10154069206
13182.5673855639,15.244171246557,-178.150838999708
13489.6288259164,15.2445624526909,-178.199164914909
13803.8426460287,15.2449360058593,-178.24654352417
14125.3754462274,15.245292693171,-178.29299944738
14454.3977074591,15.2456332664586,-178.338556848499
14791.0838816819,15.2459584437242,-178.383239446161
15135.6124843619,15.2462689107628,-178.42707052419
15488.1661891246,15.2465653224957,-178.470072942017
15848.9319246109,15.2468483043283,-178.512269145001
16218.1009735891,15.2471184534976,-178.55368117465
16595.8690743754,15.2473763402674,-178.594330678741
16982.4365246172,15.2476225091399,-178.634238921327
17378.0082874935,15.2478574799921,-178.673426792651
17782.794100389,15.2480817491183,-178.711914818938
18197.0085860996,15.2482957903444,-178.74972317209
18620.8713666284,15.2485000559239,-178.786871679261
19054.6071796322,15.2486949775497,-178.823379832337
19498.4459975802,15.248880967242,-178.859266797295
19952.6231496885,15.2490584181762,-178.894551423457
20417.379446695,15.2492277055546,-178.929252252642
20892.9613085401,15.2493891873597,-178.9633875282
21379.620895022,15.2495432051123,-178.996975203951
21877.6162394952,15.2496900846085,-179.030032953014
22387.2113856831,15.2498301365347,-179.062578176531
22908.6765276774,15.2499636572209,-179.094628012297
23442.2881531989,15.2500909292022,-179.12619934328
23988.3291901946,15.2502122217929,-179.157308806051
24547.08915685,15.2503277916884,-179.187972799115
25118.8643150954,15.2504378835123,-179.218207491149
25703.9578276883,15.2505427303006,-179.248028829148
26302.6799189534,15.2506425540186,-179.277452546475
26915.3480392688,15.2507375659963,-179.306494170844
27542.2870333813,15.25082796741,-179.335169032191
28183.8293126441,15.2509139496888,-179.363492270485
28840.3150312656,15.2509956948946,-179.39147884345
29512.0922666634,15.2510733761617,-179.41914353421
30199.5172040197,15.2511471579956,-179.446500958864
30902.9543251354,15.2512171966801,-179.473565573986
31622.7766016833,15.2512836405508,-179.500351684061
32359.3656929623,15.2513466303785,-179.526873448848
33113.1121482586,15.2514062995848,-179.553144890689
33884.4156139197,15.2514627745829,-179.579179901752
34673.6850452526,15.251516175015,-179.604992251219
35481.338923357,15.2515666140244,-179.63059559242
36307.8054770096,15.2516141984846,-179.65600346992
37153.5229097167,15.2516590292088,-179.681229326546
38018.9396320555,15.2517012011902,-179.706286510389
38904.5144994275,15.2517408038085,-179.73118828174
39810.7170553491,15.2517779209648,-179.755947820009
40738.0277804107,15.2518126313238,-179.780578230598
41686.9383470329,15.2518450084449,-179.805092551741
42657.9518801586,15.2518751209392,-179.829503761313
43651.5832240159,15.2519030326358,-179.853824783624
44668.3592150956,15.2519288026761,-179.878068496173
45708.8189614868,15.2519524856787,-179.902247736398
46773.5141287191,15.2519741318465,-179.926375308398
47863.0092322631,15.2519937870594,-179.950463989648
48977.8819368439,15.2520114929517,-179.974526537695
50118.7233627264,15.2520272870952,-179.998575696863
51286.1383991357,15.2520412029295,-180.022624204929
52480.7460249764,15.2520532699578,-180.046684799832
53703.1796370244,15.2520635137693,-180.070770226347
54954.0873857616,15.252071956065,-180.094893242792
56234.132519034,15.2520786147439,-180.119066627735
57543.9937337148,15.2520835039154,-180.143303186712
58884.365535558,15.2520866339423,-180.167615758958
60255.9586074348,15.2520880114624,-180.192017224169
61659.5001861472,15.252087639397,-180.216520509266
63095.7344480183,15.2520855169331,-180.241138595211
64565.4229034645,15.2520816395975,-180.265884523824
66069.3448007586,15.2520759991691,-180.290771404654
67608.2975391971,15.2520685836607,-180.31581242187
69183.0970918925,15.2520593773724,-180.341020841204
70794.5784384127,15.2520483607868,-180.366410016925
72443.5960074979,15.2520355105475,-180.391993398874
74131.0241300906,15.2520207994108,-180.417784539529
75857.7575029172,15.2520041961912,-180.443797101136
77624.7116628679,15.2519856656962,-180.47004486289
79432.8234724269,15.2519651686354,-180.496541728188
81283.0516164086,15.2519426615772,-180.523301731927
83176.3771102658,15.2519180967939,-180.550339047882
85113.8038202363,15.2518914222396,-180.577667996151
87096.3589956067,15.2518625813452,-180.605303050672
89125.0938133731,15.2518315129942,-180.633258846823
91201.0839355895,15.2517981513487,-180.661550189096
93325.4300796976,15.2517624256759,-180.690192058867
95499.258602142,15.2517242602643,-180.719199622245
97723.7220955795,15.2516835742326,-180.748588238011
99999.9999999984,15.2516402813492,-180.778373465666
102329.299228074,15.2515942898705,-180.808571073579
104712.854805088,15.251545502324,-180.839197047213
107151.930523759,15.2514938153221,-180.870267597504
109647.819614317,15.2514391193378,-180.901799169295
112201.845430195,15.2513812984861,-180.933808449949
114815.362149686,15.2513202302427,-180.966312378023
117489.755493951,15.2512557851943,-180.999328152102
120226.443461739,15.2511878268349,-181.032873239756
123026.877081236,15.2511162111753,-181.066965386593
125892.541179415,15.2510407864905,-181.101622625521
128824.955169311,15.2509613930121,-181.13686328606
131825.673855639,15.2508778625626,-181.172706003861
134896.288259163,15.2507900182036,-181.209169730351
138038.426460286,15.2506976738838,-181.246273742528
141253.754462273,15.2506006340314,-181.284037652913
144543.97707459,15.2504986931401,-181.322481419657
147910.838816818,15.2503916353364,-181.361625356816
151356.124843618,15.2502792339343,-181.40149014479
154881.661891246,15.2501612509557,-181.442096840954
158489.319246109,15.2500374366047,-181.483466890405
162181.00973589,15.2499075287897,-181.525622136969
165958.690743753,15.2497712525261,-181.568584834323
169824.365246172,15.2496283193807,-181.61237765734
173780.082874935,15.24947842686,-181.657023713611
177827.941003889,15.2493212577742,-181.702546555175
181970.085860995,15.2491564795883,-181.748970190414
186208.713666284,15.248983743681,-181.796319096203
190546.071796322,15.2488026846343,-181.8446182302
194984.459975801,15.2486129195243,-181.893893043409
199526.231496885,15.2484140469995,-181.944169492901
204173.794466949,15.248205646538,-181.995474054797
208929.6130854,15.2479872775429,-182.047833737425
213796.20895022,15.2477584783914,-182.101276094738
218776.162394952,15.2475187655059,-182.155829239914
223872.11385683,15.2472676323061,-182.211521859225
229086.765276773,15.2470045481845,-182.268383226105
234422.881531988,15.2467289573773,-182.326443215485
239883.291901945,15.2464402778228,-182.385732318284
245470.891568499,15.2461378998959,-182.446281656231
251188.643150954,15.2458211852562,-182.508122996875
257039.578276882,15.2454894653598,-182.571288768801
263026.799189534,15.2451420401957,-182.635812077168
269153.480392687,15.2447781767965,-182.701726719399
275422.870333812,15.2443971076736,-182.769067201138
281838.29312644,15.2439980292652,-182.837868752484
288403.150312656,15.2435801002892,-182.908167344416
295120.922666633,15.2431424399659,-182.979999705438
301995.172040196,15.2426841262005,-183.05340333851
309029.543251354,15.2422041937135,-183.128416538187
316227.766016832,15.2417016320053,-183.205078407942
323593.656929623,15.2411753833145,-183.283428877772
331131.121482585,15.2406243404318,-183.363508721987
338844.156139197,15.2400473443898,-183.445359577211
346736.850452526,15.2394431821641,-183.529023960581
354813.389233569,15.2388105841377,-183.614545288179
363078.054770095,15.2381482214881,-183.701967893569
371535.229097166,15.2374547035588,-183.791337046607
380189.396320555,15.2367285749396,-183.882698972361
389045.144994274,15.2359683125803,-183.976100870148
398107.17055349,15.235172322648,-184.071590932777
407380.277804106,15.2343389373481,-184.169218365907
416869.383470328,15.2334664115368,-184.269033407432
426579.518801585,15.2325529192051,-184.371087347001
436515.832240158,15.2315965498428,-184.475432545661
446683.592150955,15.2305953045577,-184.582122455415
457088.189614867,15.2295470921504,-184.691211638853
467735.14128719,15.2284497248997,-184.802755788785
478630.09232263,15.227300914227,-184.916811747804
489778.819368438,15.2260982661918,-185.033437527753
501187.233627263,15.2248392767587,-185.152692329128
512861.383991356,15.2235213268625,-185.274636560227
524807.460249763,15.2221416772988,-185.399331856246
537031.796370243,15.2206974633676,-185.526841097977
549540.873857615,15.2191856893138,-185.657228430313
562341.325190339,15.217603222554,-185.790559280358
575439.937337147,15.2159467875905,-185.926900375141
588843.655355579,15.2142129598041,-186.06631975887
602559.586074347,15.2123981588567,-186.208886809664
616595.001861471,15.2104986419497,-186.354672255567
630957.344480182,15.2085104967403,-186.503748190135
645654.229034644,15.2064296340043,-186.656188086842
660693.448007584,15.2042517800187,-186.812066813062
676082.97539197,15.2019724686126,-186.971460642827
691830.970918924,15.199587033027,-187.134447268615
707945.784384125,15.1970905972784,-187.301105811937
724435.960074977,15.1944780673947,-187.471516832767
741310.241300904,15.1917441222395,-187.645762337309
758577.57502917,15.1888832039756,-187.823925784614
776247.116628678,15.1858895082563,-188.006092091109
794328.234724267,15.1827569740711,-188.192347633648
812830.516164085,15.1794792731631,-188.382780250396
831763.771102656,15.1760497991855,-188.577479239656
851138.038202361,15.17246165649,-188.77653535624
870963.589956065,15.1687076484532,-188.980040805571
891250.938133729,15.1647802656438,-189.188089234933
912010.839355893,15.1606716733441,-189.400775721786
933254.300796974,15.1563736990177,-189.618196759073
954992.586021419,15.1518778191381,-189.840450237077
977237.220955793,15.1471751459075,-190.06763542174
999999.999999982,15.1422564133726,-190.299852929206
1023292.99228074,15.1371119634065,-190.537204696029
1047128.54805088,15.1317317312527,-190.779793945359
1071519.30523759,15.1261052307362,-191.027725148129
1096478.19614316,15.1202215391743,-191.281103979515
1122018.45430194,15.1140692820562,-191.540037269942
1148153.62149686,15.1076366173278,-191.804632950838
1174897.55493951,15.1009112195231,-192.074999993933
1202264.43461739,15.0938802636306,-192.351248344945
1230268.77081236,15.0865304087304,-192.63348885006
1258925.41179414,15.0788477815857,-192.921833176199
1288249.55169311,15.0708179599404,-193.216393722911
1318256.73855638,15.062425955898,-193.517283527737
1348962.88259163,15.0536561991694,-193.82461616285
1380384.26460286,15.0444925204379,-194.138505623303
1412537.54462273,15.0349181347259,-194.459066206827
1445439.7707459,15.0249156249447,-194.786412384065
1479108.38816818,15.0144669257012,-195.120658659495
1513561.24843618,15.0035533074126,-195.46191942267
1548816.61891245,14.992155360755,-195.810308788684
1584893.19246108,14.9802529817153,-196.165940428664
1621810.0973589,14.9678253571171,-196.528927389037
1659586.90743753,14.9548509509642,-196.899381899962
1698243.65246171,14.9413074914884,-197.277415171679
1737800.82874934,14.9271719593203,-197.663137180547
1778279.41003889,14.9124205765859,-198.05665644178
1819700.85860995,14.8970287973078,-198.458079771301
1862087.13666283,14.8809712992353,-198.867512035403
1905460.71796321,14.8642219771317,-199.285055887882
1949844.59975801,14.8467539378344,-199.710811495913
1995262.31496884,14.8285394972727,-200.144876253824
2041737.94466949,14.8095501794515,-200.587344485293
2089296.130854,14.7897567177307,-201.038307133877
2137962.08950219,14.7691290586674,-201.497851443373
2187761.62394951,14.7476363684173,-201.96606062733
2238721.1385683,14.725247042081,-202.443013528895
2290867.65276773,14.7019287161447,-202.928784272138
2344228.81531988,14.6776482840894,-203.423441904379
2398832.91901944,14.6523719156915,-203.927050032707
2454708.91568498,14.6260650799496,-204.439666454119
2511886.43150953,14.5986925718292,-204.961342781047
2570395.78276881,14.5702185432475,-205.492124064126
2630267.99189533,14.5406065383083,-206.032048414256
2691534.80392686,14.5098195329646,-206.581146624434
2754228.70333811,14.4778199793169,-207.13944179473
2818382.9312644,14.4445698546436,-207.706948961951
2884031.50312655,14.4100307154075,-208.283674736673
2951209.22666633,14.3741637560232,-208.869616949214
3019951.72040196,14.3369298728709,-209.464764309071
3090295.43251353,14.2982897332399,-210.0690960784
3162277.66016832,14.2582038492909,-210.68258176379
3235936.56929622,14.21663265723,-211.305180829829
3311311.21482585,14.1735366010453,-211.936842434666
3388441.56139196,14.1288762214904,-212.577505195522
3467368.50452525,14.0826122492277,-213.227096981769
3548133.89233568,14.034705702793,-213.885534744167
3630780.54770094,13.9851179903048,-214.552724378299
3715352.29097165,13.9338110152889,-215.228560629878
3801893.96320554,13.880747285574,-215.912927040362
3890451.44994273,13.8258900254523,-216.605695939912
3981071.70553489,13.7692032900613,-217.306728486558
4073802.77804105,13.7106520820062,-218.015874757341
4168693.83470327,13.6502024690381,-218.732973889829
4265795.18801584,13.5878217027033,-219.457854279169
4365158.32240157,13.5234783369207,-220.190333829399
4466835.92150954,13.4571423459192,-220.930220260885
4570881.89614866,13.3887852408886,-221.677311474986
4677351.41287189,13.3183801844761,-222.431395975068
4786300.92322629,13.245902102429,-223.192253344081
4897788.19368436,13.1713277913529,-223.959654774973
5011872.33627262,13.0946360225229,-224.733363658892
5128613.83991355,13.0158076399783,-225.513136220008
5248074.60249762,12.9348256532035,-226.298722203396
5370317.96370242,12.8516753227393,-227.089865604289
5495408.73857613,12.7663442390849,-227.886305444473
5623413.25190338,12.6788223930904,-228.687776580187
5754399.37337145,12.5891022386338,-229.494010549826
5888436.55355577,12.497178745734,-230.304736443681
6025595.86074345,12.4030494451308,-231.119681803355
6165950.0186147,12.3067144624461,-231.938573531051
6309573.4448018,12.2081765429295,-232.761138813976
6456542.29034642,12.1074410666275,-233.587106059
6606934.48007582,12.0045160525222,-234.416205816277
6760829.75391968,11.8994121534601,-235.248171704405
6918309.70918922,11.7921426409597,-236.08274132028
7079457.84384123,11.6827233801298,-236.919657127718
7244359.60074975,11.571172795758,-237.758667327303
7413102.41300902,11.4575118287711,-238.599526688934
7585775.75029168,11.3417638848047,-239.44199735585
7762471.16628676,11.2239547742039,-240.285849602007
7943282.34724265,11.1041126454532,-241.130862554318
8128305.16164082,10.9822679108725,-241.976824854459
8317637.71102654,10.858453167084,-242.823535278432
8511380.38202359,10.7327031097118,-243.670803295788
8709635.89956062,10.6050544437856,-244.518449574732
8912509.38133727,10.4755457903375,-245.366306428214
9120108.3935589,10.3442175893751,-246.214218190267
9332543.00796971,10.2111120016989,-247.062041547285
9549925.86021416,10.0762728080036,-247.909645788805
9772372.2095579,9.9397453082144,-248.756913012486
9999999.99999979,9.80157621978085,-249.603738251071
10232929.9228073,9.66181357765304,-250.450029557862
10471285.4805088,9.52050663417137,-251.295708009962
10715193.0523758,9.37770576206361,-252.140707676596
10964781.9614316,9.23346235864562,-252.984975511821
11220184.5430194,9.08782875347672,-253.828471204572
11481536.2149686,8.94085811912111,-254.671166976023
11748975.549395,8.79260438518758,-255.513047321197
12022644.3461739,8.64312215665551,-256.354108712473
12302687.7081236,8.49246663587694,-257.194359249387
12589254.1179414,8.34069354951949,-258.033818281356
12882495.5169311,8.18785907908032,-258.87251597101
13182567.3855638,8.03401979686885,-259.710492844621
13489628.8259162,7.87923260586871,-260.547799292175
13803842.6460286,7.72355468456393,-261.384495048623
14125375.4462272,7.56704343571151,-262.220648631871
14454397.707459,7.4097564402869,-263.056336778666
14791083.8816818,7.25175141491316,-263.891643836974
15135612.4843618,7.09308617342933,-264.726661138688
15488166.1891245,6.93381859278074,-265.561486372382
15848931.9246108,6.77400658153721,-266.396222905322
16218100.9735889,6.61370805291381,-267.230979136938
16595869.0743752,6.4529808995393,-268.065867792321
16982436.5246171,6.29188297160761,-268.901005231354
17378008.2874934,6.13047205713672,-269.736510741919
17782794.1003888,5.96880586419856,-270.572505822211
18197008.5860994,5.80694200473643,-271.409113459135
18620871.3666283,5.64493797942886,-272.246457386673
19054607.1796321,5.48285116394333,-273.084661376695
19498445.99758,5.3207387948124,-273.923848470635
19952623.1496884,5.15865795609125,-274.764140255179
20417379.4466948,4.99666556546159,-275.605656123229
20892961.3085399,4.83481835958496,-276.448512525697
21379620.8950219,4.67317287851424,-277.292822234261
21877616.239495,4.51178544867993,-278.138693602557
22387211.3856829,4.35071216419939,-278.986229843475
22908676.5276772,4.19000886600794,-279.835528284379
23442288.1531987,4.02973111878886,-280.68667967474
23988329.1901944,3.86993418512268,-281.539767451499
24547089.1568498,3.71067299683406,-282.394867060761
25118864.3150952,3.55200212318361,-283.252045262162
25703957.8276881,3.39397573575197,-284.111359468103
26302679.9189532,3.23664756981995,-284.972857093753
26915348.0392686,3.08007088221272,-285.836574923149
27542287.0333811,2.92429840547389,-286.702538500697
28183829.3126439,2.76938229817466,-287.570761565385
28840315.0312654,2.61537409174686,-288.441245485373
29512092.2666632,2.46232463355241,-289.313978743614
30199517.2040195,2.31028402651628,-290.188936448862
30902954.3251352,2.15930156524487,-291.066079896662
31622776.6016831,2.00942566875553,-291.945356180965
32359365.6929621,1.8607038117006,-292.826697777841
33113112.1482584,1.71318245069928,-293.710022305563
33884415.6139195,1.56690695087131,-294.595232209239
34673685.0452524,1.4219215092723,-295.482214574261
35481338.9233568,1.27826907734255,-296.370840979989
36307805.4770093,1.13599128314441,-297.260967396807
37153522.9097164,0.995128353250734,-298.152434156827
38018939.6320553,0.855719034771968,-299.045066002546
38904514.4994272,0.717800519534984,-299.938672169501
39810717.0553488,0.581408369239072,-300.833046568788
40738027.7804104,0.446576443610067,-301.727968024647
41686938.3470326,0.313336832265505,-302.623200572859
42657951.8801583,0.18171979076288,-303.518493829335
43651583.2240156,0.0517536789531547,-304.413583491016
44668359.2150953,-0.0765350896619079,-305.308191767821
45708818.9614865,-0.203122097731917,-306.202028021262
46773514.1287188,-0.327984965623482,-307.094789428466
47863009.2322628,-0.451103383300337,-307.986161662768
48977881.9368435,-0.572459136051774,-308.875819680156
50118723.3627261,-0.69203612201768,-309.763428568165
51286138.3991353,-0.809820359334512,-310.648644419755
52480746.0249761,-0.925799985812042,-311.531115292341
53703179.6370241,-1.03996524740003,-312.410482179406
54954087.3857612,-1.15230847846165,-313.286380049297
56234132.5190336,-1.26282407333674,-314.158438932427
57543993.7337144,-1.37150844369299,-315.026284962105
58884365.5355576,-1.47835997437962,-315.889541567806
60255958.6074344,-1.58337896308706,-316.747830569896
61659500.1861468,-1.68656755635643,-317.600773365555
63095734.4480179,-1.78792967364114,-318.447992062984
64565422.9034641,-1.88747092865674,-319.289110684889
66069344.8007581,-1.98519854062265,-320.123756316639
67608297.5391967,-2.08112124017917,-320.951560253557
69183097.0918921,-2.1752491718335,-321.772159151649
70794578.4384122,-2.26759379131723,-322.585196142304
72443596.0074974,-2.35816776084431,-323.390321931608
74131024.1300901,-2.44698483933432,-324.187195832556
75857757.5029167,-2.53405977852058,-324.975486839596
77624711.6628674,-2.61940820986244,-325.754874555325
79432823.4724264,-2.70304654269057,-326.525050184403
81283051.6164081,-2.78499185498289,-327.285717373341
83176377.1102652,-2.86526179432556,-328.036593073039
85113803.8202357,-2.94387448038923,-328.777408315891
87096358.9956061,-3.02084840958742,-329.50790890748
89125093.8133725,-3.09620237209876,-330.2278561193
91201083.9355889,-3.16995536919951,-330.937027256863
93325430.079697,-3.24212653807841,-331.635216167472
95499258.6021414,-3.31273508604955,-332.322233696565
97723722.0955788,-3.38180023741614,-332.997908111345
100000000,-3.4493411721704,-333.662085316928
